CGPA,Projects,Internships,DSA_Solved,Certifications,Communication_Score,Package
7.5,3,3,105,2,3,13.0
9.8,1,2,550,3,1,18.0
8.93,5,2,475,1,2,17.7
8.39,3,2,274,0,6,14.4
6.62,2,2,87,4,5,11.6
6.62,3,1,76,2,1,8.1
6.23,3,1,76,5,1,8.9
9.46,2,1,441,0,4,15.7
8.4,4,1,539,5,4,18.3
8.83,4,0,244,3,6,14.0
6.08,1,1,577,4,6,12.3
9.88,1,2,381,3,10,18.3
9.33,4,1,569,3,6,18.9
6.85,5,1,141,4,1,11.6
6.73,3,3,367,4,10,16.9
6.73,5,2,83,5,9,14.5
7.22,3,1,142,3,7,11.6
8.1,4,1,351,2,7,15.6
7.73,1,1,544,5,7,15.3
7.16,1,0,151,4,2,8.9
8.45,5,1,157,0,2,13.3
6.56,1,3,445,5,6,15.7
7.17,4,2,302,1,7,14.1
7.47,5,2,449,2,3,15.5
7.82,3,1,223,5,4,13.5
9.14,1,1,42,4,3,12.6
6.8,2,1,263,4,7,11.9
8.06,1,2,2,2,7,12.3
8.37,3,2,267,1,4,14.8
6.19,5,0,595,5,7,14.4
8.43,3,3,15,5,5,15.4
6.68,2,0,333,3,1,9.1
6.26,4,3,463,0,10,16.0
9.8,1,0,58,4,4,11.7
9.86,5,2,176,5,7,19.1
9.23,4,0,62,5,2,13.5
7.22,3,3,560,5,2,17.3
6.39,5,1,306,1,1,11.3
8.74,4,3,245,0,2,16.0
7.76,5,1,288,5,10,16.5
6.49,2,2,331,2,8,12.2
7.98,2,3,526,4,8,18.3
6.14,1,0,254,3,8,9.1
9.64,1,3,509,2,1,17.3
7.04,2,1,462,4,1,11.5
8.65,5,2,198,1,10,17.6
7.25,2,0,270,0,4,9.5
8.08,1,3,557,0,6,16.6
8.19,2,1,63,4,8,12.9
6.74,2,0,229,2,2,8.0
9.88,5,2,248,3,3,17.9
9.1,4,0,245,1,6,14.8
9.76,1,2,586,4,10,20.0
9.58,5,0,156,1,4,14.0
8.39,2,3,563,0,2,16.3
9.69,2,1,87,5,7,14.8
6.35,4,3,312,5,4,15.3
6.78,1,3,65,3,8,10.8
6.18,1,2,19,1,8,8.7
7.3,3,2,32,4,7,12.7
7.55,1,2,557,3,10,17.3
7.09,4,3,72,2,9,13.7
9.31,3,0,342,5,4,14.6
7.43,3,0,132,4,7,10.8
7.12,2,3,54,1,10,13.3
8.17,2,3,60,3,10,15.2
6.56,1,1,519,4,1,10.8
9.21,3,2,271,3,4,16.4
6.3,2,2,245,3,2,11.4
9.95,4,3,175,3,9,19.9
9.09,2,3,316,1,5,16.8
6.79,2,0,130,4,3,8.7
6.02,3,3,101,0,4,10.7
9.26,3,0,309,0,6,13.3
8.83,5,3,291,1,10,19.1
8.92,4,1,494,1,1,15.6
9.09,3,1,360,5,7,16.8
6.3,1,0,337,3,8,10.2
7.43,4,2,578,4,7,17.5
6.46,4,1,9,4,7,10.4
9.45,3,0,48,2,9,12.8
8.49,4,3,486,2,4,18.7
7.32,3,3,320,0,7,15.4
6.25,2,0,568,2,9,12.0
7.24,5,2,132,2,5,13.8
7.3,2,0,582,0,2,11.5
8.92,3,0,82,5,5,11.6
8.55,3,1,56,0,4,11.5
9.55,2,0,375,2,8,15.3
7.89,1,0,348,4,5,12.0
6.48,1,3,270,2,9,13.3
8.85,1,1,482,3,9,16.0
9.04,3,3,110,3,3,16.5
8.25,4,3,75,3,10,16.6
9.08,3,2,157,5,6,16.2
7.98,4,2,531,1,6,17.4
8.09,2,1,328,3,4,13.3
7.71,5,1,121,4,10,16.0
6.1,4,2,40,5,3,10.7
6.43,1,2,166,1,1,8.9
6.13,3,2,22,1,7,9.5
8.55,2,2,278,3,5,15.5
7.26,1,2,468,2,10,15.1
8.03,2,3,399,0,7,15.9
9.63,5,1,8,2,1,13.4
7.0,3,3,12,2,8,12.2
7.64,3,3,51,1,3,12.8
9.02,5,0,208,1,7,13.8
6.92,3,3,549,5,3,17.3
6.31,4,2,401,5,3,13.3
7.16,2,2,190,1,10,12.8
6.64,1,0,50,4,9,8.2
9.72,5,0,392,4,2,16.7
9.23,4,0,299,0,4,13.9
8.53,1,0,195,1,6,11.2
9.49,1,0,416,3,3,13.3
9.21,5,3,419,5,10,21.6
6.75,4,0,521,1,10,14.2
9.57,1,3,355,4,7,18.9
8.16,1,1,147,1,7,10.3
9.23,4,0,364,4,5,16.0
9.58,3,0,363,1,3,13.9
7.27,1,3,401,3,2,13.7
6.44,2,1,491,0,4,11.1
6.91,4,3,228,3,4,15.1
7.71,1,3,574,4,8,17.3
9.27,5,0,536,5,8,18.2
9.44,2,2,267,5,5,17.1
6.03,1,2,404,2,6,11.6
8.04,2,3,10,3,8,14.7
7.67,2,0,319,1,1,9.9
6.89,3,1,125,0,5,10.4
6.48,2,2,305,1,4,11.3
7.35,3,1,510,1,4,13.9
9.77,4,2,88,3,2,16.6
7.29,3,0,354,0,10,12.2
8.08,5,3,351,2,1,17.2
8.81,1,1,13,1,6,10.9
7.45,4,1,256,0,7,12.9
9.89,4,3,208,2,5,17.9
9.85,5,1,280,1,8,17.5
7.01,3,2,442,0,9,14.2
7.99,1,3,388,3,2,15.5
7.2,3,2,482,5,4,16.5
7.14,2,2,146,5,9,13.3
6.15,3,0,278,1,5,8.7
8.44,4,2,520,1,3,16.3
8.01,1,0,433,0,6,12.0
6.21,3,1,143,5,3,9.7
7.11,1,1,288,1,5,10.3
9.63,1,0,385,2,3,14.5
6.96,2,2,13,1,6,10.0
6.58,2,3,256,5,10,15.3
7.96,4,3,345,4,5,17.4
9.94,5,0,344,5,9,18.0
6.97,1,1,399,2,3,10.1
8.69,5,1,206,0,6,14.9
9.05,4,3,171,2,8,18.6
6.95,1,0,463,4,7,12.1
8.91,1,3,269,4,6,17.0
7.47,5,2,220,1,2,13.0
8.53,3,2,151,1,7,15.0
8.53,2,0,182,5,8,13.7
8.14,3,0,398,3,1,12.2
6.36,5,2,71,2,9,12.9
9.34,2,1,417,5,4,15.6
7.28,3,0,282,3,8,12.5
6.75,2,2,73,5,10,12.3
6.16,1,2,354,4,7,11.7
8.36,3,1,496,1,10,16.8
8.71,2,1,327,1,7,13.5
6.07,2,1,534,5,2,12.2
8.05,2,1,579,1,1,13.3
6.91,3,3,446,0,4,13.9
8.58,4,1,372,5,2,15.7
6.7,3,3,361,4,8,15.7
8.76,5,0,92,5,10,15.9
7.55,3,2,320,5,7,14.9
9.75,2,3,323,1,8,19.2
6.55,1,0,383,4,6,9.9
7.36,3,0,574,5,1,13.9
6.45,3,3,345,1,9,15.2
9.7,2,0,102,2,6,13.1
9.51,1,0,214,4,10,14.1
7.03,1,3,191,3,1,10.9
8.64,5,0,193,0,1,11.0
9.27,3,1,379,3,8,18.0
8.22,1,1,402,4,6,14.1
8.12,1,2,599,5,8,17.2
6.97,4,0,10,1,8,8.9
6.37,4,2,186,4,8,13.4
9.59,1,1,14,0,10,12.8
9.6,5,1,296,4,7,17.2
8.53,1,1,410,1,7,14.6
7.36,2,0,584,3,10,14.7
7.4,3,0,51,2,4,10.1
8.9,5,1,27,3,9,15.7
9.59,2,2,576,1,2,16.1
9.55,5,2,16,1,9,17.4
9.12,2,3,350,0,10,18.6
8.57,3,1,427,4,3,15.1
6.34,3,2,228,4,2,11.3
6.65,4,1,209,3,4,11.6
9.59,2,2,430,2,5,17.0
8.43,4,3,293,2,2,16.2
6.04,2,3,581,0,1,13.5
6.41,4,1,103,1,10,11.3
8.65,3,2,203,0,5,14.0
6.02,5,0,52,4,9,10.7
6.64,4,3,374,5,5,16.1
8.19,2,1,53,5,10,13.5
8.77,2,1,275,5,9,15.5
8.61,3,2,334,1,10,16.8
6.9,2,1,30,0,6,8.4
8.85,1,3,134,3,3,13.5
6.95,5,1,57,4,4,11.4
7.3,4,1,104,5,4,12.1
8.99,5,0,265,2,1,13.8
8.6,3,0,521,0,3,14.5
9.4,4,3,495,4,3,19.9
8.63,4,2,252,4,1,15.3
8.27,1,0,294,2,9,12.8
6.37,3,2,157,2,1,9.7
7.47,2,3,548,2,9,17.6
7.06,1,0,66,5,1,7.5
6.98,1,2,298,5,2,12.0
9.89,5,0,462,0,2,16.7
7.57,5,3,100,2,6,14.9
9.57,5,3,55,3,7,18.7
8.52,1,0,331,4,1,10.8
9.18,2,2,392,2,3,15.4
8.01,4,1,380,4,2,13.4
8.31,5,1,91,1,8,13.4
7.97,2,0,446,1,9,14.5
6.78,3,2,108,2,2,10.6
8.89,5,1,316,4,2,15.7
7.12,4,3,167,1,10,15.5
6.1,3,2,434,2,9,14.4
8.58,3,1,441,4,4,15.2
6.71,4,2,217,2,5,14.0
9.76,5,0,221,5,9,17.5
9.82,1,2,527,4,6,19.1
9.66,4,1,277,1,10,17.6
7.48,4,0,568,2,9,15.5
6.06,4,2,573,1,9,15.0
9.71,3,3,465,2,7,21.3
7.71,2,1,583,0,10,15.2
9.87,1,0,29,1,9,12.9
9.85,5,2,358,1,5,18.6
9.41,5,3,287,3,5,19.1
7.18,2,1,85,5,8,12.6
7.54,4,3,233,1,10,16.2
9.4,1,2,312,4,4,16.0
7.27,5,2,364,2,9,16.5
6.68,5,0,268,0,7,12.5
8.23,4,3,130,4,7,17.7
9.74,2,0,350,4,3,15.5
8.78,1,1,179,4,4,14.3
8.28,2,0,479,4,7,14.2
6.39,2,1,162,0,5,9.1
8.46,1,2,95,3,3,12.4
9.96,1,2,509,5,1,17.1
6.56,5,3,364,1,7,15.9
8.07,5,1,352,4,6,15.8
9.51,1,2,435,1,10,18.6
8.96,3,3,82,1,7,15.6
8.79,5,3,224,4,2,17.3
8.81,3,0,411,3,4,15.2
7.44,1,3,117,1,2,11.3
7.17,5,2,481,2,8,17.4
9.24,2,0,191,1,7,13.1
9.24,1,1,590,5,1,16.6
9.47,4,1,589,4,2,18.3
9.65,3,2,106,0,2,14.5
8.05,1,2,381,1,4,13.6
8.01,1,0,389,3,3,11.2
9.19,5,0,243,2,1,13.8
8.6,5,2,584,2,2,19.0
8.81,5,2,467,0,9,19.1
9.18,4,1,537,5,1,18.1
9.56,5,1,209,0,9,16.7
7.35,1,1,72,5,7,9.9
7.5,5,2,308,1,2,13.6
6.38,2,3,589,4,2,14.9
8.31,5,2,185,3,5,15.2
6.14,4,2,252,2,5,11.9
7.86,2,1,12,0,4,9.3
8.17,1,2,298,3,10,15.0
7.15,1,0,75,5,10,10.9
8.36,3,2,50,4,3,13.3
6.12,2,2,148,2,4,10.3
6.15,3,2,121,2,10,11.8
9.29,2,2,210,5,4,16.7
7.44,2,3,279,4,2,14.7
6.51,4,2,537,2,5,14.7
8.09,3,0,155,4,5,12.9
9.08,4,0,237,2,5,13.8
6.86,2,2,375,1,10,14.0
8.49,1,1,81,5,1,11.4
6.34,2,3,491,4,6,15.4
6.21,4,2,355,3,2,13.0
8.13,3,2,272,1,7,14.5
8.16,3,2,579,3,4,17.6
8.55,4,1,43,5,5,14.1
8.9,3,1,572,2,5,17.0
9.9,5,1,122,3,5,16.3
8.07,1,3,348,1,2,13.7
7.29,1,0,329,4,5,11.1
9.18,1,3,408,0,3,15.9
7.08,3,1,322,3,4,12.5
7.76,3,0,110,0,2,9.0
6.31,2,0,88,5,4,7.5
6.1,2,1,432,3,9,11.9
9.85,1,1,98,3,8,14.7
9.34,5,3,538,4,3,20.9
8.78,2,1,600,2,1,15.2
7.64,2,0,145,1,1,8.2
6.69,3,2,256,1,6,12.0
6.63,5,1,188,1,3,11.8
7.0,1,1,239,5,4,10.4
8.2,2,3,502,2,1,17.0
8.86,5,3,270,0,8,18.1
8.64,5,1,519,1,1,15.8
7.12,1,0,549,0,5,11.4
9.82,5,0,113,2,6,15.0
8.95,5,2,338,5,2,17.7
8.22,5,1,567,2,7,17.8
8.45,2,3,358,4,7,17.6
7.68,1,0,333,1,1,9.5
6.99,5,2,168,5,4,14.4
7.42,5,1,338,4,4,13.8
9.03,2,0,260,1,5,12.2
6.06,1,1,198,2,1,7.2
6.46,3,1,210,2,1,8.9
6.18,2,0,286,3,7,9.7
6.16,1,0,471,3,9,11.3
9.42,5,0,481,2,1,15.1
8.81,1,1,22,2,2,10.3
7.9,1,1,559,0,6,13.7
6.39,1,2,108,0,6,9.1
7.97,3,3,295,4,2,15.0
7.89,1,1,5,3,9,10.9
6.69,3,3,549,3,4,15.5
7.74,5,0,202,2,7,12.7
7.59,3,1,324,2,6,12.5
8.46,5,2,243,4,3,16.1
8.54,5,2,326,5,8,18.2
6.18,3,3,46,5,7,12.4
7.5,2,0,590,5,9,15.3
8.5,4,3,12,3,3,14.7
8.01,1,0,379,0,1,10.5
9.43,4,2,364,5,2,17.9
8.63,1,3,341,1,1,15.0
6.65,1,2,220,4,5,12.0
6.28,5,2,72,5,10,13.8
8.57,1,0,45,1,2,8.9
6.11,1,3,503,5,3,14.1
8.34,3,3,273,0,8,16.5
9.76,4,2,554,0,10,21.1
8.3,3,2,207,5,5,15.7
7.55,1,0,123,1,4,8.9
8.57,5,1,9,4,5,13.8
7.83,3,1,328,1,10,14.6
8.18,3,2,186,4,6,15.1
9.77,2,1,542,5,7,18.3
7.54,1,1,59,4,9,11.8
9.84,5,1,441,2,1,16.8
9.62,3,1,216,3,4,15.7
6.78,3,2,1,3,9,11.9
6.28,5,1,535,0,5,13.3
6.4,1,1,355,2,8,11.3
6.07,2,0,164,3,1,7.2
6.38,3,2,90,5,4,10.6
8.73,2,3,166,4,9,17.6
6.28,4,3,206,4,1,12.8
7.28,1,0,281,1,1,9.7
9.38,4,0,64,1,4,12.9
6.09,4,2,515,4,3,14.3
9.26,4,3,156,5,7,18.3
7.13,1,1,305,4,3,11.1
6.47,1,0,394,1,1,8.3
8.79,5,3,73,3,10,18.8
8.52,2,2,186,0,2,13.2
9.51,2,1,573,1,10,18.5
8.94,5,2,336,5,4,19.1
9.21,5,0,567,3,1,15.7
7.13,4,3,239,3,1,14.2
6.71,5,3,532,3,8,18.7
9.0,3,3,140,2,7,16.9
9.23,2,3,264,2,8,16.9
9.96,5,1,138,3,4,17.1
7.65,3,1,458,5,6,15.8
7.49,3,2,69,4,3,12.4
9.11,3,1,384,5,8,17.5
7.36,3,0,197,2,4,11.3
9.72,4,0,204,1,3,14.1
9.43,3,3,567,2,4,19.8
7.72,4,0,430,4,6,14.0
9.0,4,2,324,0,7,17.3
9.02,3,1,441,2,7,17.2
6.41,2,1,287,5,4,11.1
9.61,3,1,225,5,8,16.7
8.02,3,0,63,3,7,11.9
9.31,3,1,559,3,2,16.6
7.28,2,3,497,3,8,17.8
9.58,1,3,59,0,9,15.2
7.56,1,3,396,4,5,14.8
6.04,4,0,256,1,4,8.5
9.62,4,1,576,5,4,18.8
6.37,2,0,238,5,4,9.3
7.28,5,1,37,4,6,12.1
9.8,1,2,24,0,4,13.7
9.8,4,2,409,3,7,20.1
8.29,1,0,460,4,7,13.8
8.53,2,3,570,1,5,19.5
7.79,2,0,416,3,5,12.5
7.17,5,3,356,1,10,17.2
7.31,5,1,382,2,8,14.4
8.69,2,3,157,1,7,15.4
9.01,4,3,568,3,7,21.1
9.17,1,1,432,2,6,14.8
9.16,3,2,47,3,7,15.0
6.36,5,1,327,5,7,14.0
7.98,3,0,432,3,10,14.6
6.23,4,0,430,2,2,10.2
8.2,5,0,55,1,10,13.2
7.77,3,0,576,5,2,13.7
9.55,4,0,267,0,10,15.1
7.4,1,2,68,0,7,10.7
6.47,4,2,600,0,10,16.5
6.57,5,3,448,0,7,16.2
9.05,2,0,256,4,7,13.9
8.47,1,1,489,0,5,13.8
6.4,3,0,48,2,1,7.4
6.34,5,2,315,0,2,12.6
8.8,2,0,412,3,9,15.1
6.29,4,2,433,0,8,13.8
9.29,2,3,1,1,8,15.3
8.82,5,3,144,2,10,18.0
6.33,5,3,365,2,1,14.0
6.34,2,2,419,5,6,13.5
9.95,4,0,572,4,9,19.6
7.5,2,0,560,3,8,13.9
7.48,5,1,443,2,3,14.8
9.25,5,2,433,1,4,18.7
9.79,3,1,554,0,3,16.9
9.94,3,3,56,2,6,16.7
9.01,1,0,561,1,9,15.8
7.51,5,2,177,0,8,14.4
6.33,3,1,292,4,10,12.6
9.11,2,1,45,2,4,13.0
8.23,4,1,169,2,2,12.4
7.7,2,0,270,1,8,10.5
9.63,4,0,416,5,8,17.6
6.44,3,0,138,3,6,10.0
7.97,1,2,246,4,8,14.2
6.05,2,0,147,3,9,8.6
7.87,2,2,229,2,1,12.4
6.23,2,1,373,3,9,12.6
6.48,4,1,79,0,2,8.7
6.47,3,3,64,4,1,11.6
8.6,2,0,87,3,8,11.9
8.98,2,1,87,0,8,13.1
8.33,1,0,203,1,4,10.4
9.85,1,2,381,3,8,17.8
7.5,3,1,600,4,7,16.4
7.14,3,0,475,0,2,10.8
9.47,5,1,572,3,5,18.7
6.89,1,1,538,1,10,13.5
9.85,5,0,213,3,4,15.0
6.05,4,1,73,0,3,8.6
9.88,5,1,60,3,1,14.9
6.17,2,1,542,4,5,13.4
9.56,5,1,218,2,10,17.5
8.11,3,2,11,0,8,12.7
9.97,4,1,414,0,9,17.6
6.3,2,3,31,0,7,9.9
8.22,5,1,159,0,1,11.5
9.88,4,0,236,3,1,15.0
8.09,4,3,180,4,1,15.0
8.52,2,2,557,1,2,16.5
8.78,5,3,340,4,1,16.8
7.82,4,3,457,0,4,17.4
8.51,4,3,79,5,10,17.6
8.34,1,0,472,3,9,14.5
9.6,4,0,111,5,4,13.9
6.18,1,0,291,3,4,8.6
7.12,5,2,382,0,7,14.9
9.8,5,0,16,3,9,14.6
9.56,5,0,492,0,7,16.7
7.82,3,3,330,4,1,14.9
8.48,5,0,485,2,1,14.9
7.11,4,1,405,3,4,13.3
6.75,2,0,116,0,4,6.7
7.85,1,2,554,5,1,15.4
7.41,3,2,114,0,6,10.9
8.33,5,1,548,5,10,20.0
6.31,5,2,546,3,2,15.9
9.9,2,2,335,1,5,16.3
9.94,2,3,335,5,8,20.7
8.79,3,1,146,0,3,12.5
8.14,1,3,121,3,9,14.5
7.24,5,3,80,0,7,13.9
9.26,3,0,374,1,9,15.8
8.74,4,1,569,2,1,16.3
6.65,4,0,62,1,5,7.4
9.64,3,0,503,4,3,17.5
9.29,5,3,448,3,4,20.5
9.8,3,2,427,1,4,17.8
8.9,5,1,426,2,7,17.2
8.45,2,2,420,0,10,16.3
7.67,3,3,321,3,8,17.3
9.73,5,3,165,5,10,20.9
9.46,3,3,596,1,5,20.3
6.18,3,3,460,2,10,15.1
6.11,5,3,458,1,7,15.6
7.51,5,3,188,4,3,15.6
9.24,1,2,463,3,3,16.8
9.95,3,0,378,0,3,14.5
6.6,4,2,1,2,4,11.0
8.38,3,1,363,1,6,14.0
7.52,3,2,71,3,5,12.5
9.88,5,3,426,1,8,21.3
9.37,3,2,169,3,5,15.2
9.35,3,0,204,4,5,14.1
7.87,4,1,336,1,10,14.9
7.66,5,2,471,4,2,17.3
7.09,3,0,194,5,5,10.8
6.23,2,2,274,5,7,12.8
9.46,1,1,6,2,2,10.8
9.25,4,2,565,4,6,20.3
10.0,3,3,572,3,7,21.7
9.99,2,2,598,2,5,19.1
8.22,3,0,177,1,9,13.8
9.08,3,2,241,1,4,15.1
9.78,5,0,202,3,10,16.8
9.4,5,1,542,0,1,17.6
6.99,5,2,461,0,8,15.4
7.8,2,1,79,1,8,11.5
6.52,3,1,522,3,7,14.1
9.82,1,2,416,0,8,17.4
8.42,4,0,383,4,2,15.2
6.91,5,1,390,1,3,12.6
8.69,5,1,125,5,9,17.0
8.47,3,2,493,4,1,16.8
7.43,3,2,46,3,8,13.3
6.45,2,2,475,5,8,15.0
8.69,2,2,463,4,7,18.5
8.08,5,2,122,0,5,13.8
9.09,3,3,473,0,4,18.3
8.08,1,2,133,5,10,15.1
9.41,4,0,561,2,10,18.1
8.21,3,1,22,1,10,13.0
8.24,3,0,565,5,10,16.9
9.51,2,0,234,3,6,13.4
7.61,4,3,58,1,1,12.0
6.54,5,2,163,4,5,13.2
6.12,3,1,215,3,4,10.5
9.02,5,0,182,3,4,13.1
8.48,3,2,568,0,7,17.6
8.82,5,2,89,4,9,17.5
6.85,4,3,310,0,8,14.4
6.55,2,3,556,0,8,15.0
6.06,4,3,256,2,5,13.5
7.4,1,1,532,0,6,13.3
8.36,2,0,532,1,2,13.8
7.57,4,3,51,3,3,13.4
7.75,1,3,337,0,5,13.6
9.62,3,3,170,5,2,18.3
7.39,3,0,66,1,3,8.3
8.06,5,0,299,4,4,14.2
9.13,2,3,231,3,6,18.1
7.59,3,3,67,5,5,14.7
8.49,2,2,505,5,10,19.0
9.45,3,3,27,4,4,16.9
9.8,5,1,50,5,2,15.8
6.59,4,1,259,1,5,11.8
9.71,5,3,590,4,5,22.4
7.97,1,0,585,5,7,15.3
7.03,3,2,183,4,1,12.1
7.84,1,0,22,4,4,8.2
9.92,1,3,128,0,5,15.7
7.97,2,1,290,0,8,11.8
7.32,3,2,500,0,8,15.8
8.53,1,0,185,5,1,10.8
6.96,4,0,478,3,5,14.0
6.3,1,3,570,1,10,15.5
6.52,4,2,491,5,1,15.0
6.51,2,1,512,0,1,10.2
6.61,1,3,66,4,2,10.9
6.56,5,2,466,5,2,14.9
8.56,2,0,284,4,9,14.6
6.73,4,3,600,4,4,16.8
7.38,2,0,416,4,3,11.9
9.59,1,0,99,2,1,10.3
7.9,3,3,188,3,2,14.5
8.67,3,3,387,1,6,18.6
6.69,4,3,240,1,9,15.1
6.77,4,3,416,0,5,15.0
6.16,3,3,175,2,4,10.7
6.68,4,0,386,5,5,12.2
7.11,2,1,470,5,9,15.1
6.71,5,1,232,1,7,12.2
6.35,5,3,451,3,8,17.6
6.48,2,0,276,4,4,9.6
7.84,5,1,228,0,8,14.6
6.83,1,1,170,3,6,10.2
7.46,2,1,212,1,5,10.9
8.01,4,0,281,2,7,13.0
8.76,2,3,40,0,6,13.5
6.16,3,3,121,1,3,11.5
9.2,4,3,226,5,5,18.4
8.51,3,2,293,0,9,16.1
6.33,4,2,599,1,7,15.1
9.49,5,2,266,5,4,18.0
9.68,2,0,540,5,7,17.8
6.24,1,1,450,4,5,11.1
7.11,4,1,448,2,2,13.0
9.22,4,0,60,4,6,13.0
8.99,3,0,501,1,7,15.3
6.74,5,3,146,3,8,15.0
6.84,3,3,333,4,6,15.1
7.48,3,2,141,3,8,14.1
7.94,5,2,43,5,7,15.2
8.47,1,0,143,1,2,11.0
7.48,3,2,332,2,6,14.6
7.85,3,1,496,3,9,15.3
8.99,4,0,395,1,6,15.0
6.15,5,0,54,3,4,8.7
7.01,2,1,306,4,7,12.3
8.85,1,3,422,1,3,16.2
9.58,1,3,416,4,5,18.3
8.05,5,1,324,0,1,13.5
8.13,4,1,79,1,10,12.5
6.43,4,2,30,3,3,11.2
7.79,5,0,111,0,8,11.0
8.13,4,2,557,4,9,19.0
6.97,1,1,563,4,9,14.1
7.08,1,2,471,3,10,15.2
7.51,2,1,73,0,2,8.9
6.08,5,2,552,5,4,15.8
7.29,3,2,478,2,5,15.6
6.85,3,3,588,3,3,16.7
7.31,2,1,386,4,1,12.2
6.48,2,2,563,1,6,14.1
9.56,4,0,432,0,10,17.9
8.37,2,2,411,5,2,16.1
8.72,2,2,466,2,9,17.4
9.16,3,0,598,1,1,15.8
7.99,4,1,247,0,9,14.3
6.35,2,3,580,5,7,16.0
8.15,2,3,119,3,10,15.5
8.35,4,3,66,5,2,14.6
8.98,5,0,572,3,6,16.6
7.73,4,2,326,0,8,14.8
6.51,3,1,469,5,2,12.8
7.14,5,2,492,2,5,16.2
7.45,1,3,285,5,6,14.2
8.58,4,2,311,0,3,14.0
8.28,3,0,308,1,2,12.5
7.42,5,0,96,1,6,11.0
9.95,4,1,112,5,3,16.7
8.42,2,1,455,5,2,15.7
6.95,4,3,462,3,1,15.9
6.41,1,1,131,0,8,8.7
6.61,4,2,120,3,1,10.9
6.98,5,0,196,2,5,11.5
6.64,5,0,481,1,6,12.8
6.75,4,0,38,4,3,8.7
7.14,5,1,565,4,7,15.6
6.69,2,0,511,0,2,10.0
9.59,4,0,473,0,7,17.1
6.32,2,0,160,4,2,8.5
8.1,2,3,288,0,5,14.8
7.64,3,3,199,1,7,14.3
9.93,4,1,527,2,3,18.8
6.45,5,0,502,2,4,12.5
7.59,2,1,247,3,1,11.0
9.88,3,0,382,1,3,14.2
9.46,4,0,217,0,9,15.9
9.27,4,0,86,0,10,14.1
7.03,1,1,81,3,5,9.8
6.68,1,1,61,3,8,9.0
8.67,2,0,499,0,2,13.0
9.72,1,2,41,0,3,12.9
8.23,2,1,11,1,7,11.5
8.29,5,3,114,3,10,18.3
7.12,2,1,217,1,4,9.6
9.08,1,0,105,5,9,12.5
6.75,5,2,527,0,7,16.1
7.29,1,0,471,4,1,10.7
7.7,2,3,386,4,4,16.3
8.03,3,1,225,5,10,14.9
6.97,4,1,480,0,6,13.0
6.46,1,0,407,3,6,9.3
8.44,2,0,456,4,10,15.7
7.15,5,3,20,3,6,14.4
8.32,1,2,600,4,5,17.5
6.62,1,3,202,3,3,11.8
7.92,4,2,416,4,2,14.1
8.13,2,1,415,3,3,14.1
6.21,3,2,447,5,9,14.4
7.35,5,2,511,1,3,14.9
6.54,2,1,84,3,3,7.8
6.25,5,1,166,1,1,8.7
9.96,1,1,383,1,2,15.0
7.29,4,3,467,0,3,15.3
9.24,4,1,71,5,2,13.5
7.02,3,0,520,1,8,13.1
8.73,4,1,472,2,6,16.3
9.04,1,1,257,1,7,14.2
8.38,3,1,274,3,1,13.9
7.89,2,2,19,1,6,11.5
7.65,4,3,489,3,2,17.7
7.4,3,1,489,3,6,15.3
9.72,1,3,325,2,3,17.0
9.32,5,0,528,1,7,18.4
9.86,5,0,88,1,3,13.5
6.5,1,1,485,4,9,12.2
8.92,1,0,349,4,3,12.2
9.75,5,3,83,0,7,17.6
6.72,3,2,386,3,4,13.8
6.27,5,1,86,2,8,10.6
8.96,1,0,306,4,2,12.1
8.3,4,3,153,1,8,15.6
9.37,2,3,439,0,9,18.5
6.56,4,0,263,2,8,11.9
9.18,4,3,420,5,6,20.6
6.81,1,3,492,1,10,15.1
6.65,5,1,410,1,1,12.9
6.66,3,3,172,5,7,14.3
9.26,4,0,3,3,1,11.8
8.66,5,1,471,3,7,18.4
8.09,3,0,109,4,2,10.6
7.44,4,2,36,4,8,14.2
9.51,3,0,582,1,2,16.2
7.57,5,0,30,1,3,9.8
9.27,2,1,380,4,3,14.8
7.76,5,3,267,5,1,16.4
7.51,1,0,10,4,5,9.2
7.85,3,1,343,1,5,13.7
7.21,2,2,543,2,10,17.0
8.99,3,1,568,1,5,16.6
8.01,3,1,165,2,9,13.8
6.93,4,3,341,2,6,15.0
9.6,1,0,481,1,6,15.0
7.54,3,2,18,0,3,11.2
8.17,5,1,183,4,5,15.1
9.63,5,0,544,3,10,19.5
8.5,4,0,9,1,7,11.4
6.47,1,1,591,2,3,11.3
9.76,1,0,191,1,2,11.7
8.51,5,1,319,4,5,15.6
7.34,2,1,579,5,3,14.4
6.56,4,1,474,2,5,12.4
9.18,4,2,426,3,9,18.7
8.48,5,1,58,3,10,15.5
8.13,5,3,435,3,1,18.0
9.58,2,0,96,5,4,12.9
9.15,2,2,495,0,10,18.1
6.61,1,0,277,2,5,8.9
7.25,4,2,264,5,2,14.3
6.99,4,3,8,2,2,12.1
8.98,5,2,456,5,1,17.8
6.13,1,2,272,5,8,10.9
8.28,4,2,7,0,2,11.5
9.05,1,0,207,2,3,11.4
9.51,1,1,122,5,2,13.8
7.37,5,0,32,0,4,9.7
9.29,1,1,512,1,1,14.9
6.44,2,0,203,4,3,8.2
9.39,2,3,517,5,5,20.0
6.51,3,3,516,3,10,17.0
7.59,5,2,442,0,1,14.4
9.19,3,3,591,0,4,18.6
6.6,2,2,338,5,6,13.3
6.92,3,1,437,0,4,12.5
8.89,5,3,444,1,7,19.3
8.88,5,1,135,0,7,14.5
8.56,1,0,386,4,6,14.2
8.78,4,1,24,4,9,14.4
8.17,1,0,505,3,2,12.5
7.01,5,1,324,1,10,14.3
7.38,2,1,337,4,8,13.5
6.73,2,3,94,5,8,14.2
9.63,1,1,544,2,10,18.1
8.33,5,3,145,2,4,15.3
7.6,2,3,230,2,6,15.2
7.85,5,2,494,5,6,18.5
9.79,2,2,37,0,5,13.9
6.61,5,0,424,5,1,13.0
8.34,3,1,436,0,3,13.6
8.02,5,0,367,2,7,15.4
8.45,5,1,344,3,8,16.8
6.07,1,2,159,3,2,9.5
9.49,3,2,549,0,3,19.4
9.73,4,1,540,2,4,18.5
8.26,1,1,143,5,5,12.3
8.79,4,2,587,3,3,18.0
9.69,2,2,575,0,5,18.2
8.83,4,0,344,5,8,15.6
6.61,5,2,268,2,8,14.2
8.31,4,1,267,1,2,14.7
8.43,1,0,168,2,6,11.0
7.7,1,1,32,2,4,9.2
8.95,4,3,376,5,9,20.3
9.74,1,0,213,5,10,15.0
9.7,1,1,561,4,2,17.3
7.8,4,2,439,4,8,17.4
6.45,3,3,491,5,1,15.8
9.94,3,1,392,5,6,18.1
9.36,2,0,488,1,10,16.1
6.5,1,1,28,1,1,6.1
9.68,4,3,38,2,2,16.0
9.48,1,0,172,3,3,11.2
8.08,5,3,16,1,9,14.6
8.37,1,1,55,2,5,11.2
7.6,1,2,225,0,10,12.1
6.22,3,2,557,4,10,16.1
7.34,4,1,66,3,2,10.5
9.21,1,1,196,2,10,15.0
6.02,3,1,22,5,5,8.3
7.33,2,0,236,0,5,9.9
7.59,3,3,565,4,1,17.2
8.15,3,3,137,0,3,13.9
9.68,3,3,472,2,5,20.4
7.39,1,1,552,1,9,14.1
7.39,1,3,228,4,10,13.8
8.95,2,1,316,0,1,13.1
7.81,5,0,597,1,8,16.2
6.9,5,2,560,3,1,15.5
7.81,5,1,200,2,9,14.2
6.56,2,1,257,2,6,10.5
6.71,5,2,479,4,1,15.7
7.99,5,2,177,0,8,14.6
7.68,3,0,122,3,5,9.8
9.66,1,3,341,5,7,18.2
7.45,1,1,170,4,7,11.5
8.32,3,3,58,5,7,16.7
8.53,3,1,464,4,6,17.6
6.05,3,0,259,0,8,9.5
8.65,1,2,372,3,9,15.9
6.71,5,0,94,0,2,8.1
9.84,3,2,124,2,7,17.0
6.59,2,3,40,5,2,11.9
7.66,3,3,253,1,6,14.6
6.34,4,0,6,2,2,8.0
9.99,3,2,470,2,10,20.2
8.01,1,0,510,5,6,14.3
8.38,3,2,580,4,2,17.9
6.27,4,2,68,2,1,9.1
9.0,2,3,80,3,7,16.1
6.84,5,3,541,2,3,17.5
9.59,3,2,584,3,4,19.1
6.82,4,2,261,0,6,12.3
6.76,4,2,88,4,5,12.6
6.15,2,3,207,3,4,11.9
7.89,1,3,212,2,9,14.7
8.26,3,1,265,4,6,14.5
6.26,4,2,292,4,6,12.6
9.1,2,1,206,3,2,13.6
7.81,5,2,332,3,6,17.2
8.1,4,3,76,1,7,14.7
7.76,2,1,287,1,8,12.5
7.6,1,1,46,4,8,11.1
8.24,1,0,199,5,9,14.0
6.62,4,2,426,5,10,16.9
6.73,4,3,209,1,3,13.0
9.45,3,0,419,2,10,16.7
9.78,2,0,153,0,7,13.7
7.49,4,2,521,4,7,16.9
7.08,3,0,414,0,1,10.5
8.58,3,2,352,1,8,15.9
7.63,4,0,156,3,4,11.7
6.1,1,2,260,4,5,10.8
6.62,2,3,76,1,6,11.5
8.86,2,2,487,2,3,16.2
8.64,1,2,130,4,5,14.0
6.11,4,1,578,4,10,15.3
6.89,2,3,454,5,5,16.8
6.92,4,3,162,3,1,13.8
8.69,4,3,14,4,3,14.7
6.08,3,0,231,3,3,8.8
6.42,1,1,194,1,1,8.1
9.2,4,3,541,2,7,20.5
6.71,5,0,358,2,1,11.6
8.61,1,0,330,4,7,13.9
6.95,2,0,426,4,4,11.4
6.4,3,1,496,1,9,13.9
6.97,2,0,485,5,7,11.8
8.89,2,1,448,5,5,17.0
9.42,1,2,412,5,7,18.4
9.32,2,0,329,3,9,14.7
7.59,4,3,146,5,10,16.9
8.67,2,0,258,2,6,11.6
6.82,3,2,291,3,1,11.8
7.17,3,2,142,1,6,12.7
9.59,5,0,364,2,1,15.4
6.05,3,2,89,2,4,9.8
6.34,2,1,163,0,8,9.5
6.83,3,1,480,1,5,12.8
6.11,1,0,83,1,5,6.7
6.73,3,1,76,0,10,10.1
8.33,4,1,516,3,8,17.6
7.69,1,3,484,5,8,16.8
9.57,5,0,589,5,1,18.4
9.27,4,2,598,5,5,20.3
7.37,2,0,103,5,5,10.1
7.04,2,1,451,5,8,14.1
7.52,2,3,486,0,1,14.4
8.36,4,0,338,1,7,13.4
7.07,4,0,565,3,7,14.6
8.5,4,1,477,2,9,17.5
7.64,1,1,222,5,2,10.6
8.21,1,0,8,0,3,7.7
7.74,2,1,52,3,4,10.6
7.18,3,1,76,3,1,9.5
9.79,2,1,502,3,7,17.9
9.05,5,1,315,0,10,17.9
6.56,1,1,164,2,3,8.0
9.47,4,3,278,5,3,17.8
7.95,1,1,26,3,3,9.5
9.58,4,2,69,0,8,15.8
9.2,5,0,217,1,9,15.1
7.7,5,3,364,0,10,17.9
6.09,1,3,305,0,2,10.0
7.07,4,1,123,0,10,11.4
8.17,5,0,18,3,10,12.7
8.53,2,2,256,0,1,12.6
7.03,2,1,295,1,9,13.2
6.56,4,0,21,3,6,9.8
9.34,1,1,449,1,9,15.4
9.94,5,1,551,4,6,19.5
8.1,1,1,549,0,2,13.0
6.69,2,1,47,5,1,9.8
7.09,5,1,586,5,8,17.6
6.07,1,1,182,3,3,8.2
9.66,3,1,434,5,1,16.7
6.47,4,2,106,3,8,13.0
8.31,4,3,187,0,1,14.5
7.1,3,2,85,2,8,13.2
8.22,2,1,455,2,1,12.6
8.61,5,1,136,1,9,15.2
9.32,4,2,335,0,9,17.7
6.83,3,2,468,5,9,16.4
6.04,3,3,570,0,3,14.1
6.55,2,2,402,4,4,13.3
9.6,2,3,539,2,5,20.1
9.5,1,1,71,5,6,14.6
8.39,4,0,23,2,9,13.2
8.4,1,0,484,0,4,12.3
8.66,3,0,55,5,6,12.2
6.7,5,0,222,1,1,9.0
9.66,5,1,178,0,2,15.1
7.68,2,0,433,1,8,13.2
7.53,5,2,449,5,4,16.4
8.08,5,2,491,2,10,19.4
6.19,5,0,188,4,7,10.9
6.67,3,2,577,3,4,14.3
8.95,5,3,419,2,9,20.1
6.33,5,1,248,1,9,12.0
8.41,5,0,587,0,4,15.1
6.98,1,0,163,5,8,10.4
7.56,3,1,254,2,6,13.2
7.15,2,2,475,4,1,14.7
7.42,1,1,416,5,7,13.4
8.88,4,1,169,1,1,13.2
7.19,3,2,316,5,3,13.7
8.27,3,1,173,5,8,14.5
7.9,4,2,469,0,9,16.2
8.65,4,2,344,3,3,15.9
9.75,4,1,444,1,1,17.0
8.93,2,3,17,0,1,12.1
6.86,5,2,69,3,7,13.4
6.12,3,1,337,0,5,10.0
7.05,5,2,591,3,1,15.1
8.38,5,3,526,3,6,18.8
6.21,4,3,455,3,6,16.3
7.99,2,0,268,0,4,9.6
8.39,1,2,187,5,7,14.5
7.34,2,2,568,3,7,16.2
9.08,5,1,528,5,9,19.4
6.43,2,2,433,1,1,11.2
6.3,4,0,287,4,5,11.1
8.91,1,3,566,5,10,20.5
7.98,4,3,498,4,3,17.9
8.75,1,0,440,3,7,14.3
7.74,5,2,302,4,4,15.8
6.99,1,2,86,4,4,10.1
9.28,1,0,437,3,1,14.0
9.2,1,1,540,5,1,16.0
8.78,2,3,21,3,10,14.9
7.09,2,0,559,1,2,11.6
8.36,5,0,516,2,2,14.7
7.44,1,2,502,0,1,12.5
6.37,3,3,466,3,8,15.8
9.67,5,2,100,3,6,17.0
6.55,1,0,582,4,6,12.9
9.8,1,1,140,1,10,13.9
7.78,2,3,137,4,10,15.5
6.74,5,0,577,5,9,15.9
8.17,1,0,227,3,5,11.1
9.49,1,1,280,3,4,14.3
8.93,5,0,430,4,6,16.6
9.23,3,0,39,3,8,12.7
8.64,5,3,518,5,1,19.3
8.77,5,3,210,2,7,18.6
9.4,3,3,301,0,8,17.9
7.0,5,2,85,0,9,14.1
7.96,1,1,396,0,8,13.5
6.88,5,3,252,2,7,14.2
9.95,3,2,532,3,3,19.7
9.78,4,2,380,4,2,18.4
6.16,5,1,443,1,3,11.6
8.82,2,1,32,3,4,12.7
9.7,1,0,259,2,4,12.9
6.72,1,2,233,5,6,11.9
8.27,2,3,514,2,7,18.1
9.66,2,1,307,0,4,15.2
6.14,5,2,69,3,10,12.9
8.79,2,3,453,0,6,17.4
7.19,4,2,438,1,9,15.5
9.7,3,1,363,5,6,18.3
9.88,2,0,480,0,3,14.9
9.78,2,2,143,1,1,14.1
7.9,4,3,23,2,10,15.2
9.45,1,1,424,0,10,16.6
9.38,1,0,174,0,5,11.4
7.28,5,3,324,4,10,18.6
9.32,4,3,347,5,10,20.8
6.15,3,3,17,5,3,11.6
8.39,3,2,43,2,8,14.1
6.92,4,1,154,4,10,12.7
6.48,3,3,376,1,1,12.9
6.31,1,2,401,1,2,9.6
8.79,3,1,224,2,3,13.2
7.36,3,1,216,5,3,11.5
8.9,4,2,567,1,8,20.2
6.26,4,2,30,2,5,9.7
7.26,3,3,58,1,8,14.6
8.16,2,1,352,3,6,14.4
9.16,4,0,444,0,2,14.2
7.28,5,2,234,5,4,15.3
8.5,5,1,106,3,9,14.9
9.54,1,1,190,2,4,12.8
8.46,3,3,529,2,5,18.5
6.93,2,0,582,3,5,13.0
6.1,1,3,565,0,10,15.3
9.48,3,0,244,0,8,14.5
6.09,4,0,75,4,6,8.8
9.5,5,2,546,1,10,21.8
8.12,2,1,266,4,7,14.5
9.76,5,1,316,0,6,17.3
9.2,4,1,120,3,5,15.4
9.99,3,0,24,1,5,13.9
7.4,4,1,431,3,3,13.8
9.07,4,2,159,4,7,16.4
7.61,5,0,595,2,10,16.2
7.92,2,0,113,3,5,9.7
8.51,4,0,501,4,7,16.7
9.49,5,0,165,4,2,13.7
9.94,2,2,174,4,9,18.2
9.07,3,1,0,2,8,13.1
7.67,3,2,85,2,5,13.2
7.69,1,1,573,2,2,12.0
8.95,5,2,319,1,6,17.2
6.96,2,3,400,2,8,14.6
6.44,4,3,381,2,7,16.0
7.42,3,3,317,2,8,16.8
7.15,2,3,249,3,4,12.5
7.19,5,0,524,2,3,14.0
6.93,1,0,554,1,7,12.3
6.17,3,2,255,4,2,11.6
6.07,2,2,306,3,5,11.8
9.95,2,3,143,0,7,17.1
7.71,2,1,390,2,1,12.6
7.54,5,3,168,4,4,15.2
8.72,5,2,297,4,2,17.4
6.87,5,3,232,3,6,15.5
9.8,4,2,270,0,1,16.2
9.15,2,3,59,5,7,16.8
6.36,3,1,295,1,3,9.6
7.67,5,3,466,5,1,17.1
9.52,5,1,234,4,8,17.7
9.78,2,1,233,5,7,17.2
7.87,5,2,367,4,2,15.5
8.45,4,1,231,5,7,15.7
6.67,4,0,490,4,3,12.2
9.96,5,0,502,4,9,19.2
6.93,2,0,591,3,8,13.7
9.77,2,2,380,0,5,17.2
8.6,2,0,427,4,7,14.3
8.43,1,2,363,1,3,14.5
8.05,5,2,201,1,1,14.1
6.92,2,0,145,2,1,7.7
6.71,4,1,456,4,2,13.4
6.88,3,3,134,4,8,15.3
6.75,3,2,263,4,1,12.5
9.12,2,0,63,5,5,12.0
7.4,3,2,490,4,9,16.9
6.23,3,1,40,4,9,10.4
9.88,1,1,295,1,2,14.4
9.54,4,0,2,0,7,12.8
9.71,4,2,109,0,1,15.7
9.98,1,3,220,2,3,16.4
6.7,1,3,369,1,6,12.4
7.58,3,2,367,4,9,16.3
9.03,5,2,435,0,10,19.0
8.78,3,2,3,3,2,12.3
6.62,1,0,243,3,7,9.0
9.26,4,1,165,3,4,14.8
6.9,3,3,25,4,2,12.5
6.9,5,0,394,4,3,12.0
8.15,3,2,473,2,6,16.7
8.37,2,2,16,2,10,14.7
8.32,3,1,91,2,9,13.2
6.37,1,2,482,5,8,14.1
9.51,4,0,542,3,10,19.0
7.06,4,0,204,4,9,12.6
6.52,1,1,501,3,4,12.4
9.55,2,0,399,2,4,14.5
9.82,1,3,206,4,9,18.6
9.45,3,0,145,1,8,14.0
9.24,1,0,100,0,2,9.8
8.62,1,0,240,0,8,11.6
8.2,2,3,162,2,1,13.5
6.35,3,2,172,3,9,11.9
7.63,5,0,501,1,9,15.1
7.49,5,1,546,4,8,18.0
7.04,4,3,283,3,5,15.7
8.89,1,1,358,2,5,13.8
7.98,4,0,380,3,3,13.3
6.32,2,1,532,2,5,12.7
6.88,5,0,162,5,4,11.6
8.73,1,3,306,0,1,14.6
6.3,2,1,338,0,9,11.3
9.4,2,1,54,3,10,14.7
7.98,1,0,332,1,4,10.7
7.92,2,0,126,4,3,9.7
8.37,1,2,242,2,6,14.2
9.3,1,0,599,4,1,14.9
7.39,3,0,408,0,5,10.8
8.71,4,2,502,1,7,17.9
8.26,2,0,302,1,2,11.5
7.07,2,0,463,4,10,12.5
9.51,3,2,234,0,9,16.3
9.19,3,3,37,4,6,16.5
8.63,3,3,138,3,2,15.8
9.4,5,0,194,1,8,15.7
9.47,5,0,526,1,8,18.7
8.83,5,2,0,3,1,14.1
9.35,1,2,560,0,1,15.9
8.79,2,3,95,1,1,14.0
8.72,4,1,412,5,4,16.3
8.47,1,0,537,5,4,13.9
9.01,2,1,428,5,8,16.5
6.63,2,1,234,2,1,9.9
9.52,3,2,348,2,10,18.2
9.49,3,0,480,0,3,15.4
6.12,1,0,395,3,1,8.4
9.3,3,2,350,4,9,19.2
6.52,2,1,415,0,10,11.7
7.34,3,2,50,4,9,13.0
8.97,5,3,80,0,7,16.9
6.64,3,0,35,2,8,8.7
9.27,2,3,66,5,1,14.0
9.33,1,2,480,3,5,16.5
8.03,4,0,467,2,2,13.0
6.03,3,3,141,3,1,10.5
7.15,2,3,355,4,3,14.9
8.47,4,1,470,0,7,16.2
9.92,4,0,590,1,1,16.9
8.53,5,3,438,1,2,19.0
7.04,4,3,530,3,2,17.0
8.54,2,1,126,5,4,13.4
8.16,2,3,204,5,3,14.4
9.12,3,3,28,3,3,15.2
6.43,3,3,444,2,10,16.1
9.04,3,1,463,1,5,15.9
8.17,4,3,279,2,3,16.9
9.85,4,3,150,4,7,19.2
7.37,5,0,239,1,5,11.2
8.53,3,0,265,4,4,12.7
9.73,1,1,104,0,3,13.4
6.41,5,2,432,2,4,14.1
9.75,1,0,496,3,2,13.8
8.75,4,1,439,1,1,14.7
6.27,5,3,157,2,3,11.9
7.2,5,3,171,3,2,14.9
8.83,2,1,493,0,1,13.1
6.27,4,3,310,1,1,12.0
8.33,4,3,402,4,2,17.7
7.38,5,2,462,0,9,17.2
8.48,4,3,366,5,5,18.6
6.18,5,0,549,3,9,13.4
9.49,2,3,254,1,8,17.7
9.89,5,1,207,1,6,16.5
9.88,4,2,449,0,1,18.3
9.0,4,3,94,1,10,17.7
6.52,5,1,477,3,5,13.9
9.03,5,0,189,0,1,12.9
6.1,5,3,483,4,7,16.9
6.09,3,2,535,0,10,15.0
7.29,4,3,422,0,8,16.9
7.95,4,1,132,4,8,14.3
9.08,3,2,54,5,7,16.4
8.73,5,3,509,3,2,19.4
7.78,2,0,540,5,5,13.8
7.09,5,2,409,5,4,16.2
9.99,5,0,210,5,5,16.5
7.7,3,1,292,2,10,14.5
7.81,4,3,114,5,9,16.7
6.65,5,0,258,2,4,11.1
9.18,4,1,121,4,8,15.2
8.77,1,3,298,3,8,17.1
6.88,4,1,380,5,2,12.6
6.33,2,0,560,1,6,11.7
8.72,2,1,500,4,5,16.7
8.62,5,2,296,2,2,16.2
7.09,4,3,361,3,10,17.3
9.8,5,1,588,0,4,18.7
6.6,3,0,462,3,7,12.0
7.73,2,3,437,3,1,15.3
9.77,5,2,126,5,9,20.1
7.68,3,3,196,5,10,16.9
8.55,5,2,220,2,1,14.4
7.59,4,3,90,2,5,13.4
7.1,4,1,410,5,7,14.3
9.94,4,1,7,5,8,16.1
7.64,4,0,543,1,2,13.9
9.58,1,2,467,1,4,16.1
6.92,3,0,319,4,2,11.4
6.85,3,1,393,5,4,13.3
6.12,4,2,268,0,6,12.1
8.61,1,0,190,1,6,11.3
7.47,4,0,60,2,2,9.7
9.46,1,0,437,3,4,14.2
7.89,4,0,263,4,4,11.6
9.87,2,0,94,1,1,11.3
6.74,2,2,552,3,2,13.3
9.47,5,0,469,3,3,17.0
9.11,4,2,513,1,5,18.5
9.08,3,0,193,0,8,13.1
9.38,5,1,481,0,6,18.7
9.04,2,1,335,4,3,14.5
8.5,4,0,434,0,6,13.3
6.52,5,3,195,4,7,15.2
6.13,4,1,248,2,6,11.7
9.68,2,2,497,1,10,19.3
8.47,5,0,211,3,6,13.9
9.19,2,2,465,4,1,16.9
7.93,1,3,220,0,3,13.8
6.47,2,0,272,4,7,9.8
6.5,4,1,153,5,4,11.3
8.74,3,2,248,4,4,16.1
7.72,2,1,278,0,7,12.3
6.8,3,1,439,5,9,14.6
7.97,1,0,275,5,2,10.8
6.26,5,2,513,0,9,15.3
8.33,5,3,87,5,3,16.6
7.08,3,1,504,1,6,13.9
9.19,5,0,589,3,4,18.7
7.24,2,0,240,1,1,8.0
7.82,3,3,235,1,9,16.7
6.05,4,0,127,0,6,8.1
6.29,2,1,502,0,8,12.1
7.57,2,0,199,3,2,10.2
7.92,2,2,542,4,7,17.4
8.4,4,2,501,1,6,18.0
7.17,1,1,491,5,2,13.4
8.78,5,2,20,3,2,14.4
9.44,3,3,233,1,4,17.7
9.12,1,0,415,4,4,13.7
6.16,3,1,147,5,3,9.8
7.92,5,3,28,1,8,15.2
6.42,4,0,360,2,7,11.2
6.97,2,3,307,3,2,13.4
9.95,2,1,161,0,3,14.1
6.57,4,1,60,1,10,11.3
8.0,1,3,124,5,9,14.9
8.47,1,0,455,5,5,13.6
8.81,3,2,70,3,2,13.2
8.24,4,2,465,3,3,16.8
6.04,1,3,242,5,8,12.2
7.31,4,1,489,5,4,14.8
8.07,5,0,220,5,2,12.9
6.35,2,0,472,1,2,10.1
7.4,2,1,532,5,6,14.9
6.13,2,2,493,0,8,13.5
6.31,4,0,81,5,7,10.1
7.59,4,3,521,0,4,16.6
6.53,3,2,11,1,2,8.9
8.27,2,3,262,3,9,16.1
8.76,3,2,448,0,4,17.4
9.2,2,1,191,1,9,15.1
6.8,3,3,113,5,5,13.8
6.67,3,3,25,1,7,11.3
6.42,5,1,498,5,5,14.6
8.55,3,3,507,1,2,16.8
8.83,4,2,544,3,6,19.1
6.13,3,0,61,0,7,7.0
9.74,2,0,228,3,6,13.9
6.21,3,1,34,2,3,7.7
8.17,1,2,455,5,10,17.0
8.84,2,3,587,0,8,19.0
9.48,1,3,501,3,3,18.2
8.86,2,0,594,0,5,15.5
9.21,4,3,24,2,9,17.5
7.36,4,0,568,4,5,14.3
9.26,4,1,31,5,7,15.4
6.32,1,3,11,5,7,10.9
9.58,5,2,318,1,5,17.9
8.19,2,3,0,5,2,13.6
9.27,4,0,434,5,5,17.1
7.81,2,1,135,3,7,11.8
8.57,1,0,195,5,7,12.0
8.11,5,3,132,5,4,16.6
8.93,1,0,85,2,1,10.0
6.33,2,0,475,2,6,10.5
6.24,5,1,323,0,3,11.6
6.99,5,2,179,0,5,13.1
6.64,1,3,515,5,4,14.7
9.49,4,1,174,5,2,16.0
6.88,2,2,20,1,7,11.0
9.9,3,0,104,0,5,14.0
7.35,3,2,577,3,7,17.6
6.73,1,0,442,5,9,11.8
9.16,2,0,48,3,4,11.9
8.63,2,1,527,5,5,17.0
7.99,1,0,144,3,9,11.0
8.22,2,1,339,4,10,15.6
8.88,4,2,353,3,4,16.2
6.91,1,2,74,0,5,8.5
9.99,4,0,577,5,5,18.1
9.9,2,1,318,0,8,16.2
8.6,1,0,86,3,4,10.6
6.8,2,1,552,2,4,12.7
8.72,1,1,41,2,7,12.7
6.29,2,1,92,2,5,9.2
6.12,4,2,506,5,6,14.5
7.03,4,1,528,1,6,14.3
7.85,2,2,264,4,6,14.0
9.47,1,1,291,3,10,16.2
8.91,3,2,463,1,5,17.1
8.97,4,3,559,2,5,19.6
7.7,4,2,96,3,9,15.4
7.38,3,2,94,1,8,12.6
7.48,2,0,325,0,4,10.1
9.95,1,1,73,2,7,13.8
6.16,2,3,335,1,8,14.1
9.47,5,0,67,5,9,16.2
8.31,4,1,76,0,5,12.1
7.75,5,3,207,2,3,15.0
8.9,4,3,220,4,4,17.1
7.95,4,3,261,2,10,17.1
9.49,5,1,409,5,6,19.2
9.6,5,3,330,4,10,22.0
7.69,2,3,343,4,5,15.4
7.11,5,0,73,4,9,12.3
8.37,2,2,253,3,3,13.6
9.65,2,1,331,3,2,14.9
6.84,2,2,397,4,6,13.3
8.49,4,0,344,0,7,13.1
8.53,4,2,583,4,5,18.5
8.93,5,3,454,1,1,18.4
6.53,4,3,114,4,3,12.4
8.86,5,1,312,3,3,16.6
9.64,4,1,227,3,4,15.6
6.72,1,1,244,1,10,11.0
6.95,1,0,525,1,6,11.9
9.89,5,1,527,2,5,19.4
6.72,4,0,426,0,1,10.2
9.42,4,3,41,0,6,16.3
7.97,2,2,464,0,9,15.5
6.99,3,3,277,5,1,13.6
9.48,5,3,18,3,8,18.4
7.78,3,3,65,0,8,13.5
8.06,3,1,166,2,3,12.5
7.44,5,1,584,2,9,17.5
8.37,4,1,402,0,8,15.7
6.65,5,2,408,1,3,14.4
7.56,3,1,111,2,10,12.3
9.88,4,0,273,1,5,15.6
7.03,1,3,406,3,3,14.3
8.63,5,2,372,5,5,18.2
7.3,5,2,596,2,9,18.0
9.09,4,2,38,1,4,14.5
6.52,1,2,104,0,6,10.3
9.88,1,2,323,3,3,16.2
7.82,4,0,413,4,3,13.4
6.94,2,3,428,4,5,15.9
6.29,5,2,60,0,8,11.6
6.68,5,3,306,3,8,16.7
8.08,3,1,353,3,3,14.6
7.35,4,2,392,3,8,15.2
9.32,3,2,203,3,8,16.9
7.72,3,3,257,4,3,15.1
6.99,1,2,485,1,10,13.9
8.47,5,2,516,3,10,18.9
8.83,3,2,445,1,2,15.3
6.67,1,0,179,3,10,9.7
6.67,4,0,341,2,2,10.2
6.15,3,2,132,5,9,12.1
8.95,5,0,442,2,7,16.6
8.66,3,1,252,5,6,14.9
7.9,4,2,264,2,7,16.0
9.38,3,1,92,3,8,14.6
9.22,5,3,410,1,1,19.3
8.34,1,1,137,5,8,13.1
9.47,5,3,207,4,3,18.3
6.82,1,2,572,0,3,12.4
6.45,2,3,306,5,6,14.9
7.08,5,3,265,5,4,16.4
6.23,5,1,317,4,4,12.2
8.12,4,1,112,3,4,12.9
9.75,3,1,377,2,10,16.8
6.16,1,2,453,2,9,12.3
6.49,1,2,190,1,8,10.4
7.81,4,1,439,3,3,14.3
9.74,4,2,186,4,1,17.2
7.26,3,2,366,3,1,12.5
8.03,3,3,88,3,1,12.8
6.17,5,3,186,2,4,13.4
6.59,2,1,131,4,6,10.4
9.95,3,2,559,0,4,18.7
9.86,4,3,375,5,3,21.3
6.02,3,0,98,2,8,8.8
9.81,1,2,33,4,8,16.0
8.56,2,0,581,1,6,14.7
9.47,5,1,170,5,9,17.5
7.82,1,2,365,5,10,15.6
8.06,1,1,58,2,1,9.9
7.96,2,1,180,1,8,12.7
8.67,5,1,18,2,6,13.6
6.56,4,1,225,3,1,10.9
6.12,5,1,472,4,4,14.1
7.23,3,2,94,1,5,11.3
8.82,1,0,296,5,7,13.5
6.81,3,2,592,2,8,16.2
8.69,4,2,174,5,9,16.3
9.88,3,2,221,1,6,17.1
6.38,5,3,53,5,10,14.3
8.69,3,3,402,2,9,19.2
7.78,4,2,317,2,4,15.9
9.47,4,0,348,0,8,15.3
6.71,4,2,442,5,3,14.2
8.77,5,1,579,0,4,17.1
9.35,4,3,539,0,10,21.0
9.78,1,3,281,5,4,18.2
8.73,4,2,359,1,6,16.9
7.99,3,2,7,3,9,13.5
8.47,3,0,562,2,6,15.4
9.48,3,0,490,4,1,15.1
8.28,5,1,340,0,5,15.3
6.12,3,2,471,1,9,14.8
9.72,5,2,248,5,5,18.4
8.76,5,2,234,1,6,15.7
8.71,4,3,82,1,3,14.8
6.86,1,1,92,5,8,10.0
8.64,4,0,393,4,10,15.8
7.58,4,3,267,5,4,15.6
8.6,5,3,416,4,4,19.2
6.43,5,3,582,5,5,17.7
8.63,3,3,528,0,10,19.5
10.0,3,1,252,4,9,17.4
6.19,4,2,121,0,8,10.7
9.91,2,0,9,4,7,13.3
7.63,2,0,315,4,5,11.3
9.48,3,3,272,5,9,20.1
9.13,2,3,305,4,9,17.8
8.27,3,1,209,0,10,12.7
8.95,5,3,463,5,10,21.2
9.51,4,0,415,2,2,15.1
7.62,1,0,215,0,4,8.9
7.31,4,2,79,2,8,13.3
8.67,3,2,479,1,1,15.6
9.23,3,0,546,5,5,16.6
9.05,4,0,17,1,8,13.4
9.19,3,1,164,5,2,14.9
7.74,2,1,524,5,2,14.9
9.27,2,0,201,0,8,13.1
6.48,3,3,345,2,10,15.4
8.18,3,2,365,5,9,17.0
6.02,2,0,447,2,7,10.5
7.3,3,3,512,5,8,17.7
7.47,3,0,318,2,5,11.1
7.58,4,2,216,1,1,11.9
8.78,1,2,33,0,4,11.9
7.55,2,1,265,5,2,12.2
7.79,4,1,79,3,3,11.7
6.95,1,1,412,2,3,10.9
7.49,3,1,251,2,9,12.4
6.91,3,2,11,3,10,12.4
6.29,4,3,400,0,4,13.7
8.41,3,3,281,2,2,16.1
8.67,5,3,111,0,3,15.6
8.48,4,0,377,2,3,14.1
7.85,1,1,267,4,7,12.9
7.52,4,1,297,2,8,14.2
9.45,2,2,316,4,6,17.7
8.08,4,2,569,5,4,18.1
7.92,3,0,508,0,6,13.7
6.1,3,0,545,2,1,10.2
7.36,5,3,364,1,10,17.5
7.52,5,2,546,1,8,18.4
7.6,5,1,270,3,1,13.5
8.32,1,3,473,1,5,16.0
8.13,5,1,536,4,2,16.8
8.43,1,3,233,1,6,14.1
9.06,5,1,58,1,9,14.9
9.25,1,0,250,1,5,11.8
8.87,4,3,85,2,4,16.1
9.82,4,1,389,3,2,17.0
6.07,3,1,179,0,3,8.7
6.78,1,2,148,3,6,11.4
6.03,2,3,582,4,8,15.7
8.59,3,1,120,2,8,13.5
9.59,4,2,255,5,5,18.2
6.97,1,1,308,2,5,10.4
9.71,5,3,58,1,10,18.7
6.24,2,0,68,1,3,6.4
9.74,4,3,445,4,7,21.5
7.41,3,3,387,5,6,17.1
6.41,1,1,85,2,1,6.4
7.94,2,1,226,5,4,12.2
7.03,1,3,592,0,6,14.6
7.14,5,2,183,3,6,14.3
7.23,3,2,321,2,3,13.1
9.21,1,2,317,5,6,15.5
8.16,4,1,565,0,10,18.1
7.25,3,1,398,0,6,11.8
8.44,4,3,292,3,9,18.4
8.86,1,0,292,0,9,13.0
7.09,3,1,484,4,2,13.1
7.65,4,3,446,0,4,16.6
6.49,5,3,411,5,9,17.1
6.72,5,0,507,4,4,13.7
8.72,1,2,243,0,8,13.2
6.73,3,3,419,1,10,16.5
8.1,2,3,153,0,3,13.2
8.84,3,3,423,4,3,17.4
6.43,5,2,272,0,9,14.0
8.27,4,2,519,0,10,18.9
7.03,2,0,127,0,8,8.5
9.85,1,1,372,4,1,15.1
7.93,2,2,567,0,10,16.5
9.22,1,1,158,3,2,12.2
8.2,2,1,570,5,3,15.3
6.17,1,2,569,3,2,12.1
8.53,1,3,175,4,3,14.3
9.81,2,0,210,1,8,14.0
8.41,2,1,446,3,6,15.0
9.28,1,3,585,5,7,20.7
9.54,5,2,166,2,10,18.7
6.91,2,1,459,5,10,13.9
6.85,3,1,356,3,6,12.5
8.44,4,1,303,2,1,14.4
7.64,1,3,232,4,3,13.9
9.36,1,3,326,5,1,17.0
9.6,4,3,181,1,10,19.0
7.41,5,1,333,2,9,14.9
6.95,4,1,28,2,9,11.3
9.12,2,0,92,5,5,12.4
7.1,4,0,329,3,4,12.3
9.29,1,3,183,2,9,16.5
7.69,4,3,94,4,9,15.9
8.67,3,2,352,5,3,16.9
6.38,2,3,264,4,5,13.0
8.5,4,0,18,5,3,11.8
7.81,1,0,498,4,10,14.1
8.35,2,0,138,3,2,10.4
6.67,1,1,572,5,1,12.2
8.95,5,1,524,1,10,18.6
9.45,3,3,254,3,2,16.9
6.87,5,2,84,4,8,13.7
6.38,3,2,457,5,8,15.7
6.09,4,2,531,3,3,14.4
8.57,2,1,561,4,7,16.2
8.43,4,0,91,0,7,11.6
8.19,3,0,599,0,2,13.3
6.93,3,1,68,2,9,10.3
7.56,3,2,36,1,3,11.3
8.38,1,2,139,0,2,11.4
7.99,2,3,565,4,3,18.5
9.95,4,3,177,3,2,17.8
6.55,4,2,136,5,8,13.1
8.78,5,1,189,3,5,14.8
7.62,3,2,341,2,3,13.7
7.71,3,3,558,3,5,18.1
8.87,3,2,4,0,8,14.1
8.77,4,1,256,3,7,17.2
9.97,5,0,242,0,6,15.0
6.51,1,1,414,0,1,9.4
6.42,2,1,342,1,10,11.5
8.9,1,3,378,2,1,15.8
8.31,4,1,593,4,1,17.2
7.1,3,1,145,0,10,12.0
6.32,2,3,322,5,8,14.0
6.34,4,3,121,2,8,13.7
9.58,4,0,251,4,7,14.9
6.77,4,2,310,5,6,13.5
7.29,2,1,600,3,4,14.2
6.91,2,3,474,2,1,14.4
7.42,5,0,569,5,9,16.9
6.28,5,2,491,2,1,14.8
8.08,1,3,574,2,4,16.8
6.27,2,2,346,3,3,11.6
9.2,2,2,486,3,7,18.8
6.93,2,1,472,2,5,12.5
8.16,5,1,381,5,5,16.7
9.52,4,3,279,1,4,18.3
8.6,3,2,71,0,1,11.7
8.13,5,3,520,3,5,19.5
7.3,2,3,365,1,4,15.3
7.33,5,2,93,3,10,15.4
8.68,1,3,372,2,8,16.6
9.98,2,2,338,1,2,17.5
8.65,1,2,436,5,8,17.6
8.23,2,2,335,5,1,14.8
8.92,5,2,491,4,4,19.1
7.86,4,0,39,0,3,9.8
6.24,3,2,358,0,5,12.0
8.25,1,1,573,3,5,15.2
9.83,5,1,253,0,5,16.4
6.7,4,1,580,4,4,15.2
8.76,5,2,397,5,8,19.9
6.8,1,1,169,1,3,8.6
8.14,3,0,510,1,4,12.9
6.39,5,3,259,5,1,14.3
7.8,2,2,583,2,7,16.2
9.02,4,1,458,5,1,16.6
7.39,5,0,528,1,2,13.3
8.66,4,3,340,3,7,18.1
9.18,2,0,56,4,1,10.3
9.71,3,1,217,5,3,15.9
6.94,3,0,463,2,6,12.3
7.6,2,3,246,3,6,14.8
6.61,4,1,372,5,6,14.0
9.97,5,3,416,3,2,20.2
9.71,2,0,30,5,2,12.4
8.16,1,2,367,3,6,15.5
9.37,4,2,558,0,10,19.9
8.08,3,2,107,3,5,14.5
8.49,2,2,583,0,7,17.0
6.36,3,3,417,1,7,14.1
9.02,4,2,397,0,5,17.4
6.51,3,3,271,3,8,14.4
9.3,2,1,115,4,10,15.7
9.13,4,2,585,4,6,20.3
8.83,1,3,255,1,5,15.1
6.14,2,2,80,3,4,10.4
7.21,5,2,127,0,7,13.0
7.05,2,2,234,4,4,11.4
7.44,4,3,552,5,5,19.0
6.35,2,0,180,2,5,8.4
9.75,1,2,156,3,1,14.9
8.22,1,2,453,5,1,14.5
7.22,5,1,570,5,3,16.0
7.59,3,0,23,3,3,9.1
7.79,4,3,472,2,2,17.3
8.4,4,1,399,4,2,15.7
8.06,3,2,591,2,6,17.5
9.68,1,1,133,1,1,12.3
7.99,1,1,420,0,6,12.3
9.97,2,2,212,0,5,16.1
9.41,5,0,481,5,6,18.6
6.83,5,0,347,4,5,13.9
9.72,5,1,165,2,7,16.9
6.47,2,2,347,5,1,12.4
9.27,5,3,397,3,3,19.8
7.52,3,1,582,5,6,15.8
9.51,2,3,434,3,1,18.6
9.47,3,1,576,3,7,18.7
9.22,2,1,220,1,4,13.4
9.16,5,2,307,1,3,16.8
7.22,3,2,465,3,10,16.4
6.32,3,3,98,4,9,13.1
7.61,3,3,241,1,1,13.7
6.69,2,0,157,1,8,9.0
8.78,4,2,553,0,1,16.8
7.38,5,1,226,5,5,14.3
9.9,3,1,422,0,10,18.0
8.56,4,0,71,4,8,13.0
9.29,5,2,242,1,6,16.9
6.53,5,1,529,1,7,14.6
9.45,3,0,588,2,8,17.2
9.69,3,0,44,4,6,13.2
7.95,2,1,471,5,6,14.9
8.43,4,1,370,5,6,16.6
9.06,4,3,91,5,5,17.9
6.7,3,2,21,4,8,12.0
8.01,5,3,171,2,2,15.8
7.59,3,0,191,2,7,11.3
6.59,5,1,76,0,4,10.0
7.47,5,3,280,4,1,16.6
6.27,3,0,363,4,5,11.2
6.1,1,2,178,2,3,9.6
6.54,4,1,237,3,4,11.3
9.85,5,3,134,3,7,19.3
8.2,5,2,279,0,5,15.6
9.86,1,3,18,3,4,15.0
7.73,2,0,594,3,1,11.8
7.25,1,2,370,3,6,13.7
8.02,1,3,111,1,10,14.6
7.76,5,2,220,0,6,14.6
6.42,4,0,303,2,7,10.8
8.56,1,2,324,3,1,13.7
6.86,2,3,436,5,4,14.3
8.48,3,0,437,1,9,14.6
8.6,1,1,169,3,10,13.1
6.61,1,3,374,1,6,12.8
6.25,2,3,556,0,2,12.8
9.12,4,0,380,5,4,15.2
7.84,1,0,13,5,6,9.2
6.23,1,1,499,5,4,12.2
9.98,4,3,390,3,10,21.5
6.23,2,0,548,1,7,10.7
8.78,1,1,564,5,3,16.4
9.93,4,1,529,4,6,19.7
6.96,1,0,491,4,4,10.2
6.57,3,3,549,1,3,15.4
6.49,5,2,384,3,3,14.1
7.21,3,2,195,3,2,12.6
6.4,1,1,299,0,3,8.7
8.77,2,2,546,0,10,18.7
6.25,5,2,307,5,1,13.0
8.04,3,0,251,2,3,10.2
9.99,4,1,7,0,9,14.7
9.26,2,3,207,3,4,16.7
8.46,3,1,130,2,3,12.4
7.23,4,0,25,0,8,9.6
8.5,1,2,453,1,1,13.7
8.11,4,3,185,4,5,16.4
7.7,3,1,483,0,1,12.9
6.52,3,2,50,0,7,10.4
9.55,1,1,4,1,5,12.2
7.8,4,3,588,3,2,18.1
6.78,4,1,159,5,1,10.9
7.47,1,1,207,1,7,10.5
7.66,4,1,256,5,1,13.8
9.31,1,2,204,0,3,14.6
8.93,2,3,10,3,6,15.8
9.08,3,3,7,2,6,15.8
6.04,2,2,408,0,7,11.1
7.66,5,2,31,1,1,11.0
7.93,5,2,539,2,7,17.9
6.08,5,0,386,4,2,11.1
7.04,1,1,227,2,6,10.5
9.04,4,1,474,1,8,17.6
6.55,2,3,206,2,5,11.7
8.14,2,1,317,1,10,15.0
6.86,2,0,556,0,3,11.7
6.05,2,2,347,3,8,11.9
6.96,5,3,233,4,8,15.4
9.9,2,3,43,3,4,16.1
9.21,4,1,141,3,8,16.3
9.84,5,3,175,3,5,19.1
7.95,2,2,448,1,5,15.0
6.44,1,3,591,1,3,13.7
8.19,3,2,81,4,7,14.4
7.82,3,0,134,1,9,11.9
9.38,3,0,176,5,9,15.5
6.39,5,2,382,1,1,13.1
7.95,2,1,242,1,1,10.2
6.6,5,3,566,1,10,19.1
7.3,4,1,140,0,5,10.3
8.95,1,3,456,4,1,17.1
7.9,1,0,439,5,4,12.6
7.5,3,0,55,1,1,8.2
7.58,3,0,526,4,2,13.8
7.84,3,3,418,2,2,15.5
9.14,2,0,87,0,4,10.6
9.57,4,0,7,1,8,12.8
9.82,4,0,476,5,2,17.7
9.15,4,0,214,0,9,14.5
7.26,4,1,551,5,9,17.2
8.75,3,0,496,0,2,14.0
7.75,1,0,502,2,1,12.3
7.02,3,1,244,4,10,14.3
9.36,4,1,477,0,10,18.4
6.15,3,3,308,3,9,14.6
9.61,4,2,230,2,2,16.1
7.85,5,0,382,3,8,15.4
8.55,1,0,154,2,3,10.6
8.64,5,0,174,3,1,12.4
9.58,2,3,114,3,1,15.8
8.55,3,0,389,5,10,16.5
8.46,2,2,310,0,2,13.0
6.27,3,1,299,0,7,10.9
8.07,5,3,17,2,6,15.2
6.6,4,1,11,4,2,9.5
8.95,4,0,403,5,4,15.3
8.05,3,0,231,0,2,9.6
8.72,4,0,277,0,1,11.8
6.17,5,2,352,5,3,13.5
6.34,4,2,302,1,4,12.5
8.87,5,3,540,5,10,22.7
6.29,2,1,469,0,5,11.2
6.29,5,0,76,4,5,9.0
6.05,1,0,520,1,7,9.6
9.83,1,0,23,3,10,12.9
8.95,1,0,14,5,8,11.9
7.41,3,2,524,3,9,16.7
7.19,3,1,346,1,7,13.0
7.4,3,1,171,1,5,11.8
9.1,5,3,326,1,9,19.2
8.65,3,2,484,2,8,17.4
6.74,2,0,488,5,10,13.5
6.7,1,1,461,4,9,13.2
6.39,5,1,377,4,10,15.1
8.64,1,2,587,3,8,17.8
9.06,3,3,163,3,6,17.8
7.06,5,3,371,3,4,15.5
6.08,4,0,572,5,9,14.5
6.33,2,3,423,0,9,14.3
9.87,3,1,476,3,10,18.6
7.18,3,3,381,1,10,15.2
9.08,2,0,154,3,9,12.9
8.5,2,1,256,1,10,14.9
7.53,4,3,67,2,3,14.0
6.82,3,3,343,0,3,13.3
6.49,3,2,276,0,6,11.7
8.46,1,0,390,5,6,13.2
9.1,5,3,448,5,6,21.0
8.58,5,2,258,4,5,16.8
8.12,1,1,306,2,5,13.4
6.17,5,2,94,5,2,11.0
9.87,2,2,463,1,7,18.6
9.19,5,3,245,2,4,19.1
7.17,5,3,186,0,3,14.2
9.92,1,3,372,1,8,18.0
8.41,4,2,571,2,4,17.1
8.33,5,1,405,0,4,15.3
8.99,5,0,407,5,8,17.6
9.25,4,2,124,1,1,15.1
8.63,1,3,336,1,9,16.9
6.51,4,0,340,0,7,10.6
7.35,1,1,562,1,2,12.1
9.71,2,0,177,5,6,13.8
6.9,1,3,169,5,8,13.7
7.49,2,2,38,5,5,11.4
7.73,2,2,68,0,6,11.9
7.76,1,3,235,3,10,15.7
8.45,3,2,559,3,8,18.8
9.77,1,3,380,1,6,17.3
6.96,5,2,56,5,9,14.2
6.49,5,2,276,1,9,13.9
6.79,3,2,98,0,9,11.7
9.55,2,1,526,1,6,17.2
8.58,3,1,324,4,9,15.9
7.14,5,3,460,3,3,16.7
9.26,3,1,178,1,5,14.5
9.45,1,3,573,1,2,17.4
9.39,3,0,118,2,8,13.3
9.68,2,0,468,1,4,15.0
7.01,1,1,548,4,6,14.1
9.02,4,0,454,3,6,15.7
7.84,5,0,25,2,5,12.0
9.37,5,2,489,0,1,17.2
8.91,3,2,7,0,7,14.4
9.11,1,3,515,3,10,20.2
8.62,4,0,532,0,8,15.1
6.71,1,3,148,4,1,10.3
8.18,5,3,487,1,10,20.2
9.94,1,0,24,3,7,12.4
9.75,4,1,554,2,4,18.0
6.17,3,0,424,1,6,11.4
6.66,2,2,292,0,9,11.8
6.53,1,0,184,0,5,7.0
8.9,2,1,553,2,8,16.7
9.27,5,3,430,4,5,19.2
6.85,3,3,316,2,2,13.6
8.02,3,2,397,3,4,15.1
9.36,1,2,323,2,2,15.4
8.93,3,2,564,0,7,18.6
8.17,1,3,595,4,7,18.5
8.36,1,2,545,4,3,16.2
8.03,2,0,75,5,7,11.4
7.19,3,3,485,2,1,14.8
8.26,1,1,87,3,1,10.0
8.76,2,3,231,0,9,16.9
9.49,4,0,6,1,6,13.1
8.55,2,0,549,4,5,15.2
9.04,2,2,51,2,6,14.2
6.64,1,3,395,5,6,14.5
7.85,5,3,220,3,1,15.6
6.04,5,3,427,3,5,15.8
6.99,5,1,142,0,9,11.3
8.91,2,2,362,4,4,16.8
9.97,1,0,381,0,3,14.0
6.4,3,0,560,5,1,11.5
7.61,2,2,276,1,2,12.9
9.2,2,0,270,1,3,11.4
6.82,1,0,13,1,4,6.7
8.22,4,2,297,3,7,16.4
8.93,2,0,463,4,6,15.1
8.46,4,3,526,0,8,19.2
6.75,4,1,233,0,9,12.4
7.42,5,2,574,5,6,17.5
9.14,1,1,26,1,7,12.5
8.22,4,0,470,4,4,14.7
6.02,1,0,92,4,2,6.8
9.04,5,3,308,5,9,20.9
6.14,1,2,51,2,9,9.5
8.98,2,0,318,4,4,13.6
6.81,4,2,180,4,3,12.6
9.83,1,2,568,0,10,19.8
7.47,3,2,119,5,6,13.0
7.31,1,2,42,4,3,10.3
6.6,4,2,259,4,1,11.7
7.22,5,1,196,0,4,11.9
9.51,5,3,254,4,1,18.3
9.99,4,2,335,0,2,17.0
7.47,2,1,552,2,3,14.4
7.79,2,0,501,3,8,13.6
8.89,5,2,254,0,10,17.4
9.54,5,0,513,0,4,16.4
8.37,4,2,241,4,4,15.5
7.57,2,1,148,0,10,13.1
7.65,5,1,298,5,9,15.2
8.78,2,1,452,1,7,15.8
6.01,5,3,392,1,2,15.0
8.48,1,0,211,2,3,11.1
7.42,3,3,537,0,4,16.1
9.18,1,2,593,5,4,17.7
6.37,5,0,594,4,10,15.9
8.35,3,1,130,4,8,14.5
7.92,3,0,328,3,10,13.2
8.57,5,1,255,2,10,16.3
6.26,5,3,478,5,6,16.5
8.32,2,3,560,5,3,16.8
8.25,5,1,62,4,9,14.2
8.24,4,1,310,3,10,16.1
8.41,5,2,406,4,8,19.0
8.71,4,3,104,3,9,17.1
9.22,5,3,14,1,5,17.0
7.08,2,2,258,5,3,13.3
9.3,4,3,411,1,4,18.7
7.99,1,1,258,4,5,12.4
6.31,4,0,259,2,9,11.2
6.23,2,0,44,0,9,7.4
7.34,4,3,330,2,3,14.5
9.14,5,2,164,2,7,16.9
8.83,5,1,192,0,6,15.1
9.15,2,0,520,5,4,16.5
8.07,3,1,400,1,5,14.6
7.76,5,3,373,1,10,18.4
6.59,1,3,64,5,2,11.6
7.31,2,0,386,0,7,11.5
7.74,4,3,494,3,4,17.7
6.35,4,2,414,2,2,13.7
6.88,1,3,29,4,6,12.1
8.39,5,3,265,1,2,17.0
8.94,2,3,327,5,10,18.5
9.99,1,1,491,4,2,16.2
9.73,5,1,216,0,7,16.1
8.57,2,0,319,4,1,12.4
7.68,4,0,398,4,7,15.2
8.54,2,0,104,2,10,11.6
9.14,3,3,329,0,5,17.7
6.47,2,1,46,4,1,7.6
7.64,3,2,598,1,6,17.6
9.36,2,3,313,0,7,16.5
7.54,3,3,146,1,1,13.0
8.29,4,3,461,5,9,20.6
8.35,5,2,583,5,7,20.4
6.74,3,0,485,3,1,10.8
7.45,3,2,409,5,3,14.6
7.34,4,0,26,4,5,11.0
6.1,3,2,28,0,4,9.3
6.1,1,1,270,5,2,9.9
9.33,4,3,500,1,1,19.4
7.09,1,3,252,4,4,12.5
8.07,4,3,384,5,7,17.9
7.19,3,0,59,2,4,8.6
9.76,1,2,106,1,9,15.0
7.04,3,1,219,1,8,11.6
7.72,4,2,440,3,8,17.2
9.49,3,3,563,2,5,20.8
9.37,1,1,571,3,1,15.7
6.74,1,1,545,5,9,13.9
9.21,3,3,95,2,2,15.7
7.83,2,2,88,1,6,12.0
7.93,4,3,230,3,10,17.4
6.53,4,2,274,4,5,13.3
6.32,3,1,245,2,10,12.0
8.91,2,1,110,1,8,12.7
7.99,1,3,233,0,3,13.4
7.75,5,1,277,2,6,14.4
8.92,5,0,476,2,6,16.2
9.06,3,1,416,5,10,18.4
6.64,2,0,127,4,3,8.0
8.44,2,1,236,5,7,14.1
6.54,4,3,127,2,4,12.1
9.01,1,3,393,2,5,16.1
8.63,2,0,474,4,9,15.9
9.83,5,3,394,4,6,22.0
6.28,1,1,110,3,10,9.5
6.23,1,1,89,1,4,7.0
7.13,3,3,279,1,8,14.0
7.05,2,1,332,3,9,11.9
6.99,3,2,223,1,10,13.9
9.63,2,2,100,2,5,14.0
7.0,4,1,131,3,2,10.2
7.09,3,3,12,3,6,12.9
9.04,3,0,456,1,8,15.6
7.8,5,3,440,0,5,17.5
9.11,3,0,97,1,1,11.0
6.26,2,3,119,5,8,12.7
7.95,5,1,292,0,9,14.4
6.13,3,2,0,3,1,8.5
6.25,3,3,571,0,8,15.4
9.63,4,0,249,2,10,15.2
6.56,3,2,148,4,2,10.8
8.13,1,0,394,0,4,11.0
7.64,5,1,43,5,2,11.9
7.39,1,2,43,4,2,10.2
9.6,5,0,77,2,10,15.7
6.09,4,3,225,5,3,13.8
8.66,3,1,161,4,8,15.5
9.85,3,1,252,2,4,14.9
8.24,3,1,131,4,7,13.4
9.75,5,3,447,4,10,23.4
6.21,3,3,473,1,3,12.9
7.68,1,2,108,5,10,13.0
7.04,3,3,34,5,3,12.4
8.92,4,2,466,0,2,17.7
9.93,1,1,274,5,6,15.6
7.03,3,2,186,5,6,14.0
8.62,3,0,242,4,1,12.4
6.79,2,1,263,3,7,11.0
8.26,5,1,521,1,4,17.7
7.86,1,2,540,0,3,14.2
9.89,2,1,86,1,8,14.7
8.43,4,3,534,0,2,17.9
7.4,5,0,209,2,9,13.1
6.46,1,2,45,4,8,11.6
6.6,3,2,466,5,8,16.5
6.9,1,1,539,5,3,12.5
7.0,3,3,25,3,4,13.3
9.4,5,1,265,1,2,15.1
8.24,3,1,174,1,2,12.0
8.09,4,2,515,1,4,15.9
6.46,3,1,310,5,6,12.9
9.44,4,0,321,1,5,14.8
8.89,5,1,578,4,1,17.3
6.27,5,1,134,0,10,12.0
8.83,1,2,54,5,1,13.4
8.17,4,1,542,4,6,17.9
6.33,4,3,585,2,3,15.0
7.83,2,2,530,4,3,16.6
7.94,2,1,155,4,7,12.6
6.66,2,0,146,2,1,8.5
9.78,3,0,484,4,1,16.4
9.4,2,2,598,0,10,19.4
8.68,4,2,19,5,3,14.5
7.85,3,1,268,3,8,14.1
7.65,5,3,332,2,1,15.5
8.6,1,1,554,5,10,16.8
8.18,2,0,400,1,4,12.0
6.25,5,3,305,0,9,15.5
8.05,4,3,27,3,4,13.7
9.23,1,3,466,0,10,19.2
7.84,5,1,259,0,8,14.4
6.21,1,0,533,1,7,10.9
9.15,2,2,100,3,3,14.4
6.81,4,1,550,0,7,14.7
7.03,1,2,352,1,7,12.7
6.66,5,3,299,2,10,16.4
7.32,2,3,295,1,3,13.9
9.03,2,1,352,4,2,14.2
8.08,5,0,129,5,9,13.6
6.82,5,3,155,1,1,12.6
9.51,1,2,73,1,7,14.3
9.52,3,2,341,1,4,17.7
9.48,2,1,464,0,2,15.1
6.96,1,2,89,3,2,10.8
7.8,5,0,578,1,8,16.1
9.94,1,3,454,1,7,18.8
9.09,5,2,331,4,7,19.5
6.11,4,2,347,4,5,13.3
6.26,5,3,232,2,10,15.3
7.86,5,1,597,2,8,16.9
9.64,5,2,101,4,2,15.9
8.15,3,1,480,3,2,15.0
7.99,5,1,213,2,5,14.5
6.42,2,2,107,5,1,11.1
8.63,2,0,164,5,6,12.3
9.29,1,1,334,3,4,15.3
7.52,3,2,85,4,6,13.8
9.1,1,1,423,2,7,15.2
9.86,2,3,363,1,3,18.5
6.82,2,0,59,4,8,9.8
8.09,4,0,481,2,7,15.6
7.15,5,3,249,3,1,15.8
9.17,2,3,559,5,6,20.8
8.31,1,1,116,3,7,11.0
8.54,1,3,544,2,4,17.4
9.19,5,0,43,3,2,12.0
7.58,5,3,508,2,10,19.5
9.66,4,2,164,2,9,17.7
8.13,3,2,367,3,7,15.9
6.63,1,1,291,0,1,8.1
8.78,5,0,285,1,8,14.7
9.17,1,2,203,4,3,14.4
7.27,5,3,523,5,4,18.4
9.43,2,2,120,1,5,14.6
9.62,1,2,187,4,1,14.9
7.11,2,1,12,4,6,10.0
9.93,1,3,199,5,10,19.6
6.56,3,3,585,1,6,16.0
6.81,4,3,455,5,2,16.6
6.74,2,1,447,2,10,13.3
9.58,5,3,70,5,6,20.2
8.62,3,3,589,3,8,20.4
6.61,1,2,129,0,6,10.5
7.76,2,2,42,0,4,10.5
8.46,1,3,519,0,4,16.1
6.33,1,0,12,1,9,6.9
9.53,1,0,534,1,6,16.5
9.21,4,3,301,2,8,19.0
8.02,4,0,526,0,8,14.5
9.87,5,1,572,2,7,20.8
7.67,2,2,114,0,3,11.0
9.94,3,1,459,1,10,18.5
8.67,3,2,504,3,1,16.3
8.54,3,0,307,3,5,13.7
6.66,1,0,324,3,10,11.4
9.53,4,3,578,5,10,23.6
7.71,2,0,174,3,2,9.6
6.65,1,0,513,4,10,12.1
6.05,4,3,171,0,2,9.2
8.24,4,3,501,3,7,18.8
8.11,2,2,333,4,3,14.4
8.88,2,0,283,4,8,14.2
9.56,2,2,474,4,9,19.3
6.32,1,2,53,2,8,11.2
8.93,5,1,457,2,6,17.8
6.75,2,0,578,4,5,12.0
9.43,5,0,419,5,3,17.3
9.28,1,1,408,3,3,15.1
8.16,5,2,303,0,7,15.5
8.84,3,0,558,5,5,16.7
7.26,5,2,221,1,6,14.4
7.88,2,1,532,2,6,15.3
9.29,1,3,157,3,9,15.9
7.84,2,2,347,3,1,13.9
7.43,3,0,158,1,8,11.5
7.98,2,3,234,1,10,16.6
9.31,2,2,404,3,5,16.6
7.34,2,2,256,1,6,12.6
6.7,4,3,588,3,6,17.4
8.85,3,3,596,5,1,19.8
9.3,2,3,557,1,3,18.4
6.4,2,0,46,5,6,8.1
6.96,2,0,212,5,9,11.4
6.57,1,2,478,1,6,12.6
7.39,4,2,486,3,6,16.7
7.8,1,1,570,4,1,13.4
9.0,4,0,565,3,9,17.3
8.6,2,2,341,0,4,15.1
8.48,3,3,523,1,2,18.5
7.41,5,3,502,2,1,17.7
9.37,5,0,5,1,3,12.4
7.89,2,3,143,0,3,13.3
9.92,1,1,260,5,5,15.4
8.54,3,2,584,2,1,17.0
6.51,4,2,231,2,7,12.7
8.7,2,2,269,3,1,14.8
7.3,3,0,446,4,4,13.3
8.75,3,3,221,3,6,18.0
6.28,4,1,51,2,1,8.4
6.7,3,0,115,2,7,10.2
9.42,1,2,537,4,10,19.6
6.91,1,1,564,1,7,13.0
9.35,1,2,540,4,3,17.7
7.12,3,2,18,5,4,12.6
8.57,1,0,391,3,6,13.2
8.78,4,2,418,1,7,17.6
8.05,3,1,308,3,4,12.7
7.22,5,2,185,4,10,15.6
6.85,3,3,260,1,9,14.7
6.13,4,2,527,4,9,15.5
7.22,5,0,272,5,9,13.5
8.61,3,1,159,0,10,13.0
9.75,1,0,223,2,6,13.1
9.48,2,3,255,1,2,16.8
9.06,2,2,179,2,2,13.2
9.15,1,0,19,0,4,10.1
8.66,2,0,467,1,9,15.2
7.04,2,0,209,2,3,10.3
9.63,1,0,512,2,6,16.0
8.68,1,3,57,1,2,13.2
8.24,3,3,92,2,1,13.8
6.44,3,2,220,2,5,11.7
7.79,1,2,231,1,8,13.5
7.84,4,1,363,2,10,16.2
9.46,2,3,561,2,10,20.9
8.19,3,0,373,3,2,13.4
7.52,2,0,455,5,10,15.8
9.91,5,1,87,3,9,17.2
6.44,1,0,19,0,8,6.7
7.69,4,1,13,3,3,11.1
6.17,5,2,132,3,1,11.2
8.96,5,3,33,0,4,16.2
9.67,5,1,207,2,8,17.3
7.12,1,0,198,2,3,8.6
9.43,3,1,591,3,10,19.4
7.17,1,2,582,0,2,13.4
9.64,3,0,154,2,7,13.8
9.02,5,2,589,4,4,19.5
9.22,5,2,77,1,6,16.1
6.07,4,1,171,1,5,10.9
9.85,3,2,288,5,2,17.4
8.91,5,0,544,1,10,17.2
7.22,2,2,419,3,2,14.4
9.32,4,2,6,1,9,15.7
7.13,1,1,159,1,10,11.3
9.49,4,2,239,4,2,16.5
6.45,2,3,422,2,8,14.7
8.81,3,1,535,4,8,18.6
8.16,1,1,69,3,1,10.1
6.39,1,0,215,1,1,6.8
6.97,3,0,103,2,4,8.2
6.05,4,0,53,5,2,8.5
7.88,5,0,329,5,1,13.1
7.21,4,3,202,1,9,15.8
8.39,2,1,287,1,3,12.7
7.19,5,2,44,5,1,12.7
7.2,4,0,197,5,2,11.4
8.97,3,0,215,3,8,14.3
6.19,2,0,480,1,5,11.0
9.61,2,2,308,5,7,18.8
9.41,2,0,434,0,6,13.9
8.67,5,2,331,5,1,17.0
8.37,1,1,26,2,6,11.3
9.57,5,1,165,2,7,16.0
6.74,4,1,317,0,4,10.7
6.32,1,3,273,3,8,12.6
6.96,4,2,382,1,8,14.8
9.18,1,0,364,1,7,11.5
6.14,5,0,102,5,2,8.7
8.33,2,0,502,2,6,13.2
9.98,3,0,372,3,6,17.0
9.42,2,3,244,3,7,18.2
8.09,5,0,168,3,6,13.3
6.25,1,3,417,5,2,13.2
9.33,2,2,355,1,8,17.3
8.4,5,1,477,3,4,16.3
6.46,4,0,124,5,9,11.7
6.38,3,1,536,5,8,14.7
9.64,2,2,401,0,3,16.7
8.68,1,2,516,4,3,16.8
9.32,4,0,530,3,8,18.0
9.52,5,2,253,4,2,17.8
8.29,3,1,120,1,9,13.3
8.07,1,0,31,5,4,9.7
7.72,5,3,36,3,6,15.4
7.27,5,0,341,2,3,12.3
7.74,2,1,12,1,3,9.2
9.1,2,0,182,0,3,11.6
8.41,1,0,264,0,10,12.2
9.57,5,1,87,4,2,15.8
7.77,2,0,461,5,8,13.4
8.43,3,0,45,4,9,12.5
8.53,3,1,391,2,8,15.4
8.37,5,2,118,2,10,16.0
8.81,2,1,530,0,3,15.1
6.95,1,0,446,3,7,10.8
8.05,1,3,45,0,10,13.5
6.42,1,3,507,0,2,12.7
7.54,3,1,557,2,4,14.1
7.95,2,3,525,4,6,18.0
8.61,2,0,596,2,5,14.6
9.8,3,0,2,5,9,15.6
8.4,1,1,27,2,10,12.6
8.97,1,0,380,2,4,13.0
8.03,5,2,156,0,5,14.0
8.54,4,0,510,3,4,15.7
6.28,2,1,332,0,8,11.1
7.02,2,2,113,1,8,11.7
7.45,2,2,388,2,3,13.0
7.89,4,3,486,2,1,16.7
6.18,5,0,249,1,6,10.4
6.56,4,1,570,2,2,13.5
7.11,1,3,314,2,2,12.9
9.89,1,3,238,5,3,17.8
7.33,2,0,233,2,8,11.6
7.93,3,0,302,1,3,11.9
6.78,2,1,333,0,7,11.5
8.44,3,3,112,2,10,15.7
7.12,4,1,361,3,10,15.4
6.83,1,3,96,1,9,12.4
8.07,3,3,15,4,8,14.9
6.02,4,3,555,5,1,15.5
6.03,1,0,375,1,7,9.0
6.88,3,3,389,0,7,14.6
6.15,2,3,216,1,8,11.4
6.43,2,3,398,4,10,15.0
7.36,2,2,259,5,5,13.3
9.21,4,0,319,3,10,15.4
8.29,2,2,195,4,9,14.7
8.05,5,0,477,1,9,16.3
7.17,1,1,417,4,8,13.6
9.73,4,2,474,1,6,18.8
7.59,2,1,567,3,6,14.6
6.35,1,3,543,3,1,14.1
8.47,3,1,230,0,6,13.9
6.46,2,1,520,3,4,12.4
7.38,1,1,199,2,4,10.9
8.03,5,1,598,4,2,16.6
9.5,3,0,20,4,4,12.8
7.97,5,2,310,1,5,14.9
8.81,1,0,587,3,5,14.7
9.97,5,0,595,0,5,18.2
6.53,1,0,433,0,4,8.3
7.1,1,1,370,0,1,10.2
7.58,5,0,559,5,10,17.5
7.69,1,2,77,2,8,12.5
7.64,2,0,541,3,3,14.1
9.63,1,3,284,0,2,15.9
8.86,4,1,139,2,9,15.1
8.43,1,3,552,4,7,17.7
7.24,4,2,281,1,9,14.9
9.3,1,2,561,3,2,17.4
9.82,1,2,257,3,9,16.5
9.28,5,2,359,5,10,20.3
6.01,2,0,439,4,9,11.4
8.55,2,1,269,3,9,15.0
6.2,3,2,133,5,10,13.2
7.03,5,3,103,5,10,16.0
6.24,5,2,94,5,4,12.4
8.42,2,1,572,3,10,17.5
8.75,5,3,479,3,3,19.4
6.46,2,3,240,3,6,12.8
7.54,5,3,12,2,3,14.0
7.82,1,0,146,5,9,11.4
7.48,2,2,600,2,3,14.6
6.48,2,0,94,1,2,7.4
7.68,4,3,292,3,8,16.5
9.0,5,0,24,4,6,13.6
6.28,5,0,271,0,8,11.0
6.32,2,0,504,1,7,11.2
7.42,1,2,165,0,3,10.5
9.77,1,3,86,0,8,14.3
8.67,1,3,490,3,10,18.4
8.71,5,2,140,4,1,15.4
7.45,4,0,102,0,1,8.8
8.37,2,0,225,5,10,14.1
6.04,3,1,574,0,8,13.4
8.54,4,1,293,1,9,15.8
9.65,3,1,305,4,10,17.5
8.45,4,2,253,4,6,16.2
9.49,1,3,179,0,5,16.2
8.9,5,1,39,4,2,13.7
6.48,3,3,519,1,9,16.0
9.61,4,3,545,1,6,21.1
6.27,5,3,235,1,8,15.1
8.14,3,2,462,5,9,17.7
6.57,2,2,227,3,9,12.4
6.05,4,2,482,0,8,13.2
7.69,2,2,429,4,10,16.4
7.18,1,1,21,1,8,9.6
7.94,2,0,342,0,3,10.7
8.31,2,0,39,0,3,9.9
6.17,4,0,172,3,2,8.7
6.49,1,1,438,5,1,11.0
8.23,2,0,178,4,4,11.2
7.37,5,1,597,5,2,15.6
8.92,3,1,132,4,2,13.3
8.61,2,1,350,1,5,14.1
9.38,1,0,524,1,4,14.4
8.77,2,3,539,0,1,16.9
7.72,3,0,505,4,9,14.8
8.69,1,0,83,4,4,10.1
7.1,4,2,463,5,5,16.1
7.23,1,1,342,1,7,11.8
9.16,4,3,279,2,2,17.2
7.79,1,2,262,0,8,13.1
9.19,3,3,165,4,2,16.8
9.29,3,3,292,3,10,19.7
9.43,1,1,508,3,5,16.8
9.67,2,0,579,2,2,16.2
7.72,3,1,225,1,2,11.7
7.28,4,1,169,1,4,11.6
8.33,4,2,597,1,4,18.6
7.48,5,1,447,5,8,17.1
8.4,4,0,501,3,6,15.2
8.82,5,3,526,1,10,20.2
8.75,1,1,378,3,8,15.0
7.5,1,3,200,2,7,14.0
6.67,1,1,249,0,10,11.0
7.72,2,3,408,5,4,15.8
6.57,2,1,600,4,2,13.4
9.56,5,2,124,2,9,18.4
7.38,4,3,112,3,2,13.9
6.62,4,1,136,2,1,9.9
6.1,1,1,495,4,8,12.3
8.58,3,2,149,5,10,16.3
8.55,2,2,342,0,9,16.1
7.36,2,2,579,4,1,15.3
6.29,1,3,320,5,7,13.5
7.64,2,3,531,3,2,17.4
7.24,1,2,288,4,6,12.4
8.71,5,0,488,2,5,16.0
8.42,4,0,491,1,1,13.4
7.46,3,1,251,2,2,11.7
6.87,4,0,76,3,2,8.0
9.95,4,1,391,0,10,19.0
7.82,5,3,411,4,10,20.1
8.75,2,3,172,0,6,15.2
6.56,3,0,200,3,1,8.5
7.94,2,3,216,4,4,15.2
6.11,4,2,375,5,10,15.4
8.02,1,2,585,5,5,17.2
9.86,4,0,10,2,2,12.6
7.54,2,0,11,2,2,7.9
6.16,4,1,589,3,7,15.0
6.12,1,3,434,5,7,14.7
7.55,5,1,372,4,6,15.4
6.64,2,1,272,5,1,10.7
6.09,4,2,575,2,3,14.2
9.02,2,2,508,3,9,18.8
7.83,5,2,131,5,10,17.1
7.16,4,2,318,3,1,13.3
9.6,4,1,167,5,2,15.3
6.46,2,2,396,0,8,12.8
9.82,2,3,179,5,7,18.2
7.26,1,2,57,2,9,11.0
9.55,5,2,479,4,10,22.0
8.41,1,2,590,2,4,16.0
9.31,4,0,459,2,4,15.0
9.94,2,3,60,2,7,17.2
7.15,4,3,368,3,1,14.8
9.84,4,1,120,1,10,16.7
7.56,3,1,545,1,9,16.0
7.54,3,2,581,0,2,15.0
7.36,4,0,16,2,1,7.7
8.17,2,1,495,1,7,13.9
6.62,4,1,496,0,6,12.9
8.21,3,2,504,3,3,16.4
8.17,2,2,531,2,1,15.8
9.05,4,1,314,4,5,16.5
9.33,5,1,68,3,10,17.7
7.76,5,3,160,0,4,14.0
7.21,4,0,144,3,5,10.8
7.04,2,3,568,4,1,15.4
6.78,4,1,594,3,1,14.0
6.23,4,3,384,0,5,14.8
7.37,3,3,268,4,6,16.5
7.08,5,1,453,4,5,15.2
9.87,3,2,517,3,2,19.2
8.23,3,1,349,4,9,15.9
7.39,4,2,109,3,5,12.6
8.32,3,1,482,2,5,15.4
6.56,5,1,406,4,10,15.0
7.78,3,1,50,3,9,12.4
8.5,5,0,402,2,3,14.1
7.96,3,2,562,4,5,17.4
7.61,5,0,475,2,5,14.5
9.98,3,1,86,5,2,15.3
9.52,3,3,67,4,4,16.8
8.49,2,0,595,5,2,15.8
8.28,5,2,41,0,5,14.7
8.48,5,1,56,0,10,13.9
6.81,5,0,195,3,2,10.9
7.58,1,3,61,1,10,14.2
6.16,3,0,262,5,9,11.6
7.9,5,2,111,5,10,16.7
8.17,1,0,177,0,6,9.1
6.91,2,3,25,5,8,12.8
9.86,5,3,409,1,9,21.3
9.64,5,2,530,2,8,21.6
8.89,1,3,316,2,5,15.8
8.13,3,1,531,1,5,15.2
9.48,2,3,105,5,6,17.5
6.52,5,1,463,5,1,13.3
9.16,3,0,245,5,8,15.4
6.5,2,1,80,3,2,8.5
9.18,4,1,395,4,6,17.9
7.1,4,0,521,1,9,14.3
9.51,2,3,263,1,3,16.8
9.78,1,1,273,1,2,13.8
6.6,2,3,171,1,10,12.3
7.85,2,0,264,1,5,11.0
9.92,1,2,25,5,9,16.1
7.93,1,3,468,3,6,16.9
9.45,3,3,475,0,8,19.4
8.35,3,2,355,5,8,17.3
7.5,1,2,25,5,7,12.0
7.14,4,0,33,4,5,9.7
6.81,4,3,263,0,2,12.5
9.05,2,3,137,1,10,16.7
7.55,5,0,565,0,10,16.1
8.05,2,3,461,3,5,16.7
7.97,2,1,167,2,7,12.2
8.31,5,1,80,5,7,15.2
9.46,1,1,406,0,2,14.5
9.92,4,3,573,4,7,22.8
7.63,2,1,45,3,6,11.1
9.31,5,1,598,2,7,19.8
9.06,3,0,52,3,8,13.3
8.29,2,0,475,1,4,12.4
9.82,4,2,591,2,1,20.3
6.8,1,2,15,4,8,10.9
6.44,2,2,359,2,8,13.3
9.42,2,2,486,4,3,17.4
7.76,5,0,501,1,3,13.9
9.39,3,0,140,4,5,13.9
9.57,3,0,446,3,3,14.7
6.25,1,1,289,0,5,8.5
9.53,4,1,208,3,8,16.3
7.79,1,2,474,5,1,13.8
8.04,2,1,412,3,2,13.5
8.51,2,3,426,2,2,16.3
9.71,3,0,370,1,4,15.6
6.08,4,2,289,5,9,13.7
7.91,5,2,431,5,2,17.1
8.75,4,3,267,5,9,18.8
8.89,2,1,150,0,7,12.1
8.77,5,2,254,4,10,18.8
6.54,4,1,352,2,8,13.4
7.2,4,1,376,1,1,12.5
7.43,5,3,357,0,5,15.4
9.22,2,2,369,3,9,17.8
7.12,4,1,226,1,4,11.9
6.84,5,1,302,5,2,13.6
9.83,2,3,388,1,6,19.0
6.04,5,3,376,1,2,14.2
9.99,5,1,117,3,3,16.6
8.71,4,3,4,4,8,16.6
9.31,2,1,443,2,3,15.8
7.18,4,2,351,5,2,15.1
6.06,1,0,532,4,6,11.1
8.95,1,3,123,0,3,14.2
9.34,2,0,276,5,1,13.9
8.96,5,1,393,2,3,16.1
6.57,4,1,359,0,6,11.4
9.01,4,1,468,3,3,16.8
9.08,2,0,56,4,9,12.4
8.63,2,1,250,5,7,14.9
9.06,1,3,149,1,5,14.8
9.38,3,2,451,2,2,17.9
8.45,2,2,161,5,9,15.8
6.35,3,3,119,1,5,12.2
7.95,2,2,581,5,7,17.4
6.31,5,0,350,0,9,12.5
7.63,5,1,98,1,4,12.4
7.63,1,1,166,1,9,11.6
6.26,1,1,513,5,1,10.4
7.4,3,0,400,3,6,13.3
6.44,2,0,364,3,2,10.3
9.23,4,0,576,4,8,18.3
9.79,1,3,325,0,5,17.0
6.29,4,0,580,3,3,12.1
9.82,4,2,246,5,2,16.9
8.09,2,3,433,3,8,17.3
7.2,3,3,92,4,7,15.0
6.31,2,3,267,2,9,14.0
8.0,1,0,320,4,8,12.2
9.18,4,3,61,1,4,15.5
8.83,2,0,299,1,2,13.0
6.2,2,0,402,3,2,8.9
6.29,2,3,566,3,2,14.1
7.61,1,1,302,4,6,12.4
7.18,3,1,252,4,7,12.3
6.93,2,3,477,5,6,16.0
7.12,1,1,368,0,2,9.9
9.21,4,2,159,5,4,16.2
9.72,5,2,165,1,3,17.3
7.62,1,0,204,5,4,9.8
9.62,5,1,266,4,5,17.4
7.29,2,2,137,5,7,12.7
7.91,2,3,367,2,9,16.6
6.9,1,1,442,0,2,10.0
8.56,5,2,566,4,8,20.3
9.92,2,2,16,3,3,14.7
8.41,4,3,67,5,9,17.9
7.43,3,0,132,4,10,11.7
8.59,3,3,429,3,4,18.7
6.49,2,0,307,3,3,8.9
9.55,5,2,173,1,10,18.0
8.01,2,0,411,1,6,13.4
7.8,5,2,96,4,10,17.3
8.34,4,2,153,4,9,17.1
8.5,5,1,241,2,7,15.4
6.29,2,0,303,0,4,8.6
8.73,4,0,284,0,3,13.1
6.97,1,0,26,4,10,9.4
8.86,3,3,401,1,4,16.9
9.29,2,1,359,5,3,15.8
9.22,2,1,59,2,3,12.0
8.21,2,1,201,0,9,12.3
8.08,4,3,580,4,4,19.1
6.57,1,0,369,1,9,10.4
9.1,5,0,532,1,10,18.5
7.09,1,0,151,1,5,8.1
7.99,4,1,101,5,7,13.9
7.14,2,1,445,3,5,13.5
6.54,3,2,228,5,1,11.9
8.52,2,3,124,1,2,13.8
6.22,5,3,235,4,5,14.5
8.99,3,1,161,2,6,14.2
7.27,2,2,553,5,7,15.9
6.0,3,0,352,4,2,9.6
8.04,1,1,67,1,10,12.2
6.19,4,3,172,2,9,13.8
7.1,2,3,558,0,6,15.2
8.83,5,3,260,0,2,17.4
6.25,1,0,216,4,2,8.0
9.36,2,3,123,2,3,15.8
6.02,1,0,161,4,1,7.0
6.99,5,0,200,2,9,11.6
8.96,2,0,453,2,10,15.9
7.27,5,1,401,4,4,15.5
6.41,3,0,461,2,5,11.0
7.44,5,2,274,5,7,15.3
7.08,3,3,205,1,1,12.6
9.37,2,1,39,2,3,12.4
7.25,3,3,272,5,3,14.2
9.16,2,0,92,2,2,11.3
9.57,2,1,41,5,8,15.1
7.74,4,2,464,4,5,16.1
9.64,2,0,378,0,1,14.1
7.51,3,3,106,3,2,13.5
9.86,4,2,327,2,1,16.4
6.36,4,0,64,3,6,9.5
8.75,2,2,364,2,9,17.1
7.98,5,0,483,4,7,16.7
7.55,5,1,23,4,5,12.1
8.53,4,0,539,5,3,16.4
8.82,2,1,61,2,8,12.8
6.02,5,0,490,4,10,13.6
6.67,2,0,272,4,4,9.4
8.85,2,3,228,2,9,16.0
8.67,4,2,19,5,5,15.2
9.86,4,2,2,5,6,16.7
9.04,1,2,420,5,5,15.6
9.8,5,0,306,5,10,18.4
8.81,5,0,431,0,7,16.2
7.19,5,0,135,2,7,10.8
6.42,3,1,514,0,1,10.9
9.13,2,1,192,4,2,13.8
8.58,4,3,584,0,7,18.3
6.19,5,0,414,5,8,13.1
7.44,1,2,117,4,4,11.7
9.83,5,2,208,0,6,17.3
8.0,2,3,33,0,10,13.2
7.73,2,2,317,2,3,12.7
7.83,4,3,119,0,7,13.9
6.84,3,0,524,4,3,12.1
7.47,4,2,580,5,7,18.7
7.48,5,0,88,2,8,13.0
6.21,1,1,511,0,3,10.2
9.07,4,2,46,2,2,14.5
7.67,3,1,521,3,6,14.9
9.29,4,2,283,2,4,15.8
9.4,2,0,376,5,8,17.0
6.85,5,3,133,3,2,13.3
8.63,5,0,247,3,4,14.4
7.89,5,0,317,2,2,12.8
9.52,5,0,435,4,2,17.2
6.86,5,2,175,5,2,13.8
8.71,5,3,585,4,1,20.2
8.43,1,1,350,5,4,14.2
7.18,3,0,142,5,2,10.6
6.55,5,2,397,4,9,15.9
8.61,3,1,368,1,9,16.4
8.95,5,0,500,3,7,17.0
7.26,4,1,369,2,6,13.8
8.58,5,0,578,4,3,17.0
7.58,2,1,381,4,7,13.2
8.85,1,1,85,2,1,11.5
6.8,4,3,459,3,9,17.5
9.56,4,3,324,2,4,20.4
7.15,2,0,521,5,6,14.4
7.47,5,2,488,1,6,16.6
6.23,1,3,396,5,3,14.1
6.45,4,1,354,1,4,12.1
8.06,1,3,287,2,10,16.1
7.07,4,3,458,5,3,15.9
9.34,5,0,535,3,6,17.2
6.06,4,3,290,5,1,13.4
7.52,4,3,167,4,8,15.8
7.35,3,1,427,1,8,14.1
6.08,5,3,489,1,9,17.1
6.5,2,1,354,3,6,12.1
7.65,2,3,195,1,1,12.3
7.97,5,3,544,1,3,18.7
7.62,2,2,10,3,1,10.1
8.12,5,3,581,5,5,19.9
8.38,2,1,255,2,3,12.8
6.04,3,1,395,5,2,11.1
7.86,2,0,408,4,3,12.1
9.85,4,0,361,4,9,18.3
8.08,5,2,258,1,8,16.5
8.71,1,1,2,4,3,10.9
7.25,1,1,83,2,2,7.9
9.1,5,1,155,1,5,14.5
9.09,3,2,175,4,1,15.9
8.09,2,1,471,0,4,14.0
9.9,3,0,423,0,8,17.0
6.5,1,2,133,0,1,8.4
6.07,5,0,379,0,5,10.5
9.08,5,0,276,5,4,16.0
9.23,3,2,235,0,6,16.3
6.48,3,3,12,1,7,11.3
7.06,2,3,341,3,9,15.2
6.07,4,0,34,5,1,7.0
7.17,4,3,558,3,10,18.5
9.09,2,1,213,1,4,13.6
8.07,4,2,411,1,6,15.9
7.39,1,0,404,2,10,12.7
7.49,4,1,493,5,7,17.3
6.01,2,3,158,3,7,12.0
7.2,4,1,109,0,8,11.5
8.59,5,3,548,1,10,21.2
9.9,3,0,525,0,8,16.8
9.39,1,1,346,3,8,15.5
6.09,5,2,278,5,8,14.2
9.59,5,0,478,4,8,18.1
9.13,2,1,110,4,6,14.4
9.12,3,1,430,1,9,16.7
7.83,3,3,541,2,3,17.6
7.59,1,0,114,0,6,8.9
7.21,2,0,89,1,5,8.5
6.26,1,0,211,2,8,8.9
6.91,4,0,549,0,4,11.9
6.99,5,3,594,3,4,17.6
7.94,1,2,538,4,10,17.5
8.99,5,0,359,2,10,15.6
7.9,2,3,485,0,5,16.0
6.23,4,2,371,1,6,13.5
9.83,2,2,214,0,4,16.0
9.77,4,3,14,1,2,16.6
9.14,4,0,258,4,2,14.1
9.97,5,2,462,4,3,20.6
8.18,2,0,119,0,2,8.8
9.85,2,0,127,0,1,11.3
6.3,1,1,522,1,8,12.7
7.46,2,0,324,1,5,10.8
6.9,1,1,319,2,10,12.1
6.78,3,2,505,2,1,13.0
6.56,3,3,525,2,9,16.8
8.49,3,1,49,0,8,12.8
9.13,2,3,583,5,4,20.3
8.31,2,2,68,5,8,13.8
6.59,1,0,390,5,10,12.4
9.24,4,2,382,5,7,18.7
8.54,1,3,15,2,7,13.7
7.55,3,2,438,0,1,12.7
8.7,1,0,567,5,6,15.3
7.04,4,2,131,4,4,12.4
7.38,2,0,559,3,10,14.2
9.67,1,1,247,4,10,16.3
7.16,3,3,272,0,10,15.5
7.88,3,0,348,0,2,11.6
9.56,2,0,483,3,10,15.9
8.83,1,2,549,1,7,17.3
6.25,4,1,356,1,9,12.7
6.59,2,0,317,1,5,9.1
6.03,1,1,47,2,8,7.6
8.52,5,1,9,1,5,12.8
7.79,3,2,232,2,7,14.5
6.54,4,0,35,2,7,9.3
9.83,4,2,412,1,9,19.5
8.12,4,3,461,1,3,15.9
6.97,3,3,3,3,1,11.0
8.0,1,0,43,5,2,8.6
8.72,2,1,567,3,6,17.7
6.3,1,0,553,2,10,11.9
7.1,2,0,254,3,10,11.9
9.23,4,3,113,2,9,18.2
7.84,1,3,396,0,3,14.3
8.19,4,1,173,2,10,14.4
7.73,5,1,254,2,2,12.9
6.18,4,0,465,3,1,9.8
6.66,4,2,276,5,2,13.3
7.78,2,0,463,0,3,11.7
6.84,5,1,501,4,7,15.6
6.2,4,2,440,4,2,13.6
9.37,4,3,68,5,5,17.0
9.92,5,1,508,4,2,18.9
9.17,5,1,325,0,7,16.2
9.42,1,2,66,1,10,15.0
6.97,2,1,303,0,8,11.5
9.84,5,1,483,3,8,19.7
6.79,5,1,547,2,8,15.5
9.81,3,1,416,2,10,17.9
9.98,5,1,158,3,9,17.7
8.85,2,1,148,3,1,12.6
9.92,4,1,26,2,1,13.1
8.28,4,1,583,5,10,18.9
7.04,4,3,247,1,2,13.2
7.75,4,1,100,1,6,11.4
8.37,3,3,95,1,1,14.4
6.29,5,3,383,3,5,16.1
8.49,4,0,281,2,5,13.2
9.92,1,0,321,5,4,14.7
6.76,4,3,395,2,5,14.4
9.17,5,3,277,2,1,16.9
9.63,4,1,528,5,6,19.0
9.77,3,0,262,0,7,14.5
9.84,2,2,579,5,8,20.7
8.09,2,0,292,0,2,10.6
9.91,5,3,293,4,7,21.3
9.03,2,3,394,0,6,17.4
6.65,2,1,512,1,9,12.7
7.91,1,1,179,1,8,11.8
8.87,5,0,234,5,4,15.2
6.99,5,1,336,1,9,14.0
8.56,2,2,7,1,1,10.4
8.67,2,2,442,4,6,17.7
6.65,2,1,538,1,8,13.3
8.26,3,2,90,3,4,12.1
9.09,4,2,271,3,2,17.3
8.0,3,0,4,3,2,9.2
6.05,5,2,593,0,10,17.2
6.04,1,3,218,5,1,11.2
7.43,4,3,117,5,5,15.0
9.7,1,0,592,2,6,16.3
6.91,5,1,581,4,4,15.3
8.54,5,0,114,3,4,12.9
6.89,1,1,262,3,5,11.6
7.29,1,1,305,1,5,10.5
9.39,1,1,421,3,9,16.9
8.92,5,1,206,1,8,15.4
6.38,2,1,302,1,9,11.1
7.71,1,0,111,2,3,9.6
6.12,4,1,416,0,3,11.4
7.92,5,2,554,1,1,16.9
8.65,3,2,284,1,10,16.5
6.47,3,1,184,5,6,12.8
7.16,4,2,220,2,4,12.7
7.59,2,3,443,1,8,15.5
9.68,1,0,116,4,2,12.8
9.97,5,0,69,0,2,13.1
6.18,1,1,69,4,7,9.0
9.04,5,1,426,3,5,18.4
7.49,3,3,567,0,1,15.9
7.57,1,1,442,3,7,14.7
9.02,4,2,600,5,7,20.7
9.67,2,3,136,1,10,17.1
9.8,4,2,503,2,6,18.7
8.31,2,0,130,4,4,11.3
7.43,1,2,217,3,8,11.9
9.15,1,0,170,1,2,10.9
7.0,2,2,474,4,2,14.6
8.26,3,0,128,4,2,11.2
7.43,5,1,56,5,3,12.4
8.63,4,2,180,5,6,16.9
6.96,4,0,245,3,1,10.5
6.77,4,2,143,1,2,11.7
9.67,1,3,50,2,10,16.4
6.41,4,1,367,3,2,10.7
8.02,5,0,458,4,1,15.0
6.88,5,3,217,4,3,14.7
6.16,2,2,566,0,10,13.7
6.14,1,3,256,1,7,11.9
6.7,5,2,155,0,1,11.3
9.47,3,1,564,5,7,18.8
7.13,1,3,441,2,5,13.9
9.8,1,1,24,3,9,14.3
8.33,5,0,535,4,2,15.3
7.75,3,2,59,1,1,11.2
8.32,2,2,466,4,9,17.7
8.07,5,1,433,5,8,18.0
9.04,3,1,65,0,10,14.9
7.13,1,0,564,0,6,11.7
7.41,3,3,105,3,5,13.5
9.58,1,2,95,1,8,15.5
9.79,5,2,550,5,8,22.8
9.57,5,0,167,1,5,14.6
7.68,4,0,41,3,7,11.3
9.12,4,1,103,5,1,14.1
7.91,4,1,203,5,4,13.9
7.99,5,3,519,0,2,17.4
6.82,2,0,281,0,10,9.9
8.36,5,3,42,0,3,14.5
6.74,3,0,109,4,1,9.4
7.33,5,2,209,2,2,13.0
9.42,5,0,48,0,1,11.9
6.83,1,0,114,2,8,8.2
6.28,1,2,154,2,4,10.1
6.28,1,0,502,1,3,9.8
9.76,5,3,70,3,1,16.6
8.03,2,1,518,4,2,13.5
7.64,3,1,335,2,3,13.2
9.24,3,3,66,4,3,15.3
9.34,2,2,492,1,6,18.0
7.33,2,0,212,0,10,10.3
8.77,3,3,180,5,8,18.1
9.08,4,1,598,2,6,18.6
8.62,1,1,247,3,2,12.1
6.61,1,3,213,5,2,11.6
9.5,3,1,358,1,7,16.7
8.16,2,3,248,4,1,14.4
7.13,4,1,515,0,1,13.5
7.7,3,3,87,4,7,14.4
6.15,1,0,175,3,9,8.8
6.51,5,0,425,2,5,12.1
9.06,2,0,80,3,1,10.8
6.0,5,0,137,4,5,9.4
7.67,3,1,432,4,1,13.6
8.09,1,2,469,5,10,15.9
6.22,4,3,349,3,9,15.1
9.89,5,2,125,3,4,17.1
6.9,4,1,308,3,9,13.8
7.22,1,1,229,0,2,9.9
7.22,5,2,459,4,7,16.8
6.92,4,2,344,1,2,13.7
6.01,4,1,309,0,4,9.9
8.92,5,1,19,0,6,12.9
9.87,1,3,560,0,2,17.3
6.9,4,0,540,5,2,13.6
8.65,3,0,559,1,2,14.3
8.97,5,3,476,3,3,20.0
9.39,2,2,268,5,5,16.9
7.69,2,1,2,4,9,11.6
7.21,1,2,15,2,6,10.4
7.3,3,0,357,5,9,14.7
8.85,4,0,132,2,10,13.8
9.27,2,2,311,4,5,17.7
6.73,1,0,481,1,6,11.0
7.48,3,1,543,2,10,16.1
9.61,3,3,304,0,8,18.8
9.23,1,2,268,5,3,13.9
9.94,1,1,413,2,2,15.2
9.02,4,1,24,4,3,13.2
7.57,1,0,315,0,9,12.0
8.36,4,1,570,2,6,16.9
8.64,4,2,275,4,10,17.9
6.31,5,1,388,1,4,12.3
8.18,3,3,443,4,10,18.5
8.84,3,1,426,1,3,14.7
6.67,3,1,56,0,2,8.6
9.12,5,3,565,4,4,20.2
8.34,4,1,367,3,9,16.6
9.81,4,1,341,5,4,17.3
6.17,1,0,303,3,5,9.3
7.06,5,2,373,3,8,16.3
8.41,1,0,111,3,2,9.0
7.19,5,2,5,5,3,12.5
8.86,1,3,278,3,6,16.6
9.04,2,3,381,1,7,17.6
6.41,3,3,12,4,4,11.6
8.06,3,2,302,0,1,13.2
8.04,4,2,555,3,7,18.6
7.48,2,2,159,3,9,13.7
9.73,3,3,153,0,1,15.7
9.31,4,2,180,0,1,14.7
8.79,2,1,525,3,1,14.6
8.86,3,0,179,1,10,14.3
7.85,1,3,376,0,7,16.5
9.68,5,0,167,4,9,16.4
8.78,2,1,213,4,3,13.5
8.92,4,2,149,1,8,16.4
9.45,2,0,15,5,9,14.0
7.1,4,1,90,2,3,10.7
9.23,2,1,119,1,3,12.0
6.78,4,0,252,3,1,10.9
7.38,3,3,59,2,2,12.6
7.34,1,0,265,3,7,10.7
9.91,3,3,408,4,3,19.4
9.43,1,2,30,0,7,13.4
8.8,3,3,20,3,5,14.3
8.91,3,2,592,4,10,20.6
8.25,2,0,288,1,8,12.9
9.79,5,2,542,3,5,20.9
7.99,4,1,497,4,3,15.3
7.52,4,2,473,0,9,16.6
6.65,4,3,404,3,7,16.5
9.14,1,3,547,5,5,18.9
8.94,4,3,131,4,7,18.1
7.54,4,2,323,3,10,16.6
6.1,2,3,131,0,9,11.4
9.36,3,3,520,3,5,19.7
6.05,4,1,29,3,7,9.7
8.81,5,2,300,5,9,18.5
9.88,4,1,3,4,1,14.3
7.75,1,3,324,2,4,14.5
6.94,1,3,508,3,1,14.7
8.82,1,3,236,2,8,16.3
9.27,4,2,534,1,3,18.5
8.19,2,0,15,3,2,9.1
9.87,5,3,533,2,4,21.1
6.21,4,3,583,1,3,15.1
8.02,2,3,445,5,5,18.1
8.87,2,3,502,4,8,19.9
9.45,4,2,229,3,10,18.7
6.72,4,0,106,4,8,9.9
9.2,2,0,388,1,7,14.6
8.21,2,0,262,4,8,12.4
7.59,2,3,562,4,5,16.8
6.53,4,3,64,0,10,12.5
9.46,2,0,264,1,10,14.2
6.63,1,0,337,4,6,10.6
7.24,4,3,300,2,8,16.2
7.16,1,3,377,1,1,12.3
9.49,3,1,174,0,6,14.1
